experiment,y,x1,x2
1,-2.261989253969488,2.5002039381304058,-3.769068929189956
1,5.807239604265973,1.8062393452007188,-0.13648315965451288
1,5.757609448288395,3.5196789342011487,-1.8074828699028542
1,0.41401389456130616,2.401434939921738,-2.36649906062871
1,3.548381145273182,1.3159112133692479,-0.7858896247755838
1,10.791774864620747,3.731984366384439,-0.05774519408715442
1,11.106601434519959,4.4201976066480535,-0.24759794770281657
1,-1.9370247506270366,0.9202007515700604,-1.051293705910142
1,5.810529101835577,1.6796635616580173,-0.1539818978467164
1,2.356942149115896,2.1866415628420315,-1.5193263698397768
1,6.086177041639391,2.548201368327677,-0.49000879304496325
1,9.314580438072365,3.098132879961188,-0.18734163867374962
1,7.597358092743255,3.014391594873043,-0.7029540450134711
1,-0.47832478063444084,1.9062209392149148,-2.5446916505796606
1,5.849208065839046,1.7514363301520843,-0.13380638822885255
1,11.407050404860453,2.892680878423607,0.8653691277847764
1,1.0178806518817165,2.4708404194755764,-2.3517438114345275
1,-4.689872536589512,0.04702488697621855,-1.297511136131563
1,8.878239079616144,2.865479130674098,0.0030910975006689764
1,-5.242601220305981,1.3588909458401977,-3.5437541192611506
1,-7.052487807070472,0.7404349510398319,-3.5681062584163548
1,0.1982307929080973,1.8471870904827936,-1.4553390083131406
1,3.3900983621378975,1.16076909808643,0.05770113469101415
1,-2.2782731896346817,1.6375637070006601,-2.8864314564642877
1,1.387100623422567,0.9656434688520932,-1.1904217719104184
1,1.4152708828467464,0.37115821530931015,-0.03603707427573515
1,-0.9327522152264688,2.92841979400207,-3.6601788152024426
1,2.425760055325275,1.2432190972503638,-0.5467033665904781
1,4.434281321070718,1.3823443269465299,0.5664622195780836
1,6.168977339206348,2.38123886294986,-0.14202900015259656
1,2.5759567389474665,1.8720685835977886,-0.9911238585125385
1,1.0948780643233689,2.1363804353823648,-1.9380234462298642
1,10.551741309520535,6.307364409240312,-2.9902760359108966
1,14.1564867173264,4.890261131737358,-0.09167352779480507
1,7.653428282996221,3.6104583315611327,-0.9074412101272452
1,6.461472995222152,2.629500465722276,-0.3411041452204649
1,6.908758917602991,3.580833331013163,-1.4815107440687938
1,2.1191925162633245,3.2243996174622622,-2.8725635886043173
1,-1.710481252723991,1.2350481538429756,-1.8545375857995112
1,5.645570271546942,1.867290432065795,0.28513026014169424
1,0.5689456957289527,1.074651118372927,-1.2332991072141664
1,-0.3530014342738905,2.8978903462553114,-3.5548942007093105
1,5.0195311714657835,0.8635286486569207,0.8298927971638754
1,6.067806648022679,4.054885593457216,-2.3408587669080663
1,14.99042292837177,4.156491941108416,1.0927575318541654
1,5.5753209849318,2.4237380833623283,-0.3336046535716543
1,8.6949430171912,1.823456500334427,1.0809748022651275
1,3.021989114165862,2.7746538599293418,-1.4497754223060517
1,11.596156184191633,4.601435119932891,-1.0169516804902277
1,10.280827366172971,2.03490627109808,0.8494555108978206
1,13.078265913464543,2.3966478412663923,2.4215509421721078
1,4.281974673584546,2.1617400857455507,-0.39531407394335705
1,2.0736377408807174,2.609920890922472,-2.280114637616128
1,7.938031307773091,3.0003917745214546,-0.20147924280180737
1,5.297455754098885,2.0023612568674443,-1.1493839991494716
1,15.638644698440393,6.086177486507176,-0.4289034371576591
1,-4.586604801726526,0.41092031960725867,-2.6295629221052987
1,5.732057397735084,3.663453164466824,-1.7549713063714512
1,5.0358545012356215,2.167865539407211,-0.23116672665642274
1,0.7081389502720925,2.3044546434247715,-2.3447122482393095
1,22.774012146353563,9.103583150615552,-0.10072132131073575
1,4.471782583492608,1.2317047230230551,-0.3372360649210278
1,4.785516006521238,1.1428680497969403,0.3627667739974767
1,9.909537106494808,0.8250631846478796,1.8474991051294924
1,-1.541536999844178,0.7305374837155504,-1.7241311147057596
1,-1.5292476417657785,1.943511712712031,-2.486917348021869
1,10.766572778198867,2.3674741516771585,1.2142707291589936
1,4.958799308634283,3.1102807927894105,-1.1308203503911254
1,3.427859221088773,3.144506641800528,-1.620368106452712
1,9.980552630564816,5.56706268065626,-2.1607480480685117
1,4.886225697657919,1.2744716004406518,0.4932354538804845
1,1.5691996071260177,-0.2511801415084498,0.6051078239124148
1,2.9076616518322114,3.340972010095018,-2.5114928218678028
1,2.3485031055034566,1.9196615394169099,-1.050828108724007
1,-7.392290239445819,0.9619585568384192,-3.7621652657865514
1,4.91545986385702,2.4737205713210697,-0.8108338135532379
1,2.0198342248539567,1.7935693905511925,-1.7126485882100553
1,-2.2741149801011717,0.7076856016443311,-1.2252495251662299
1,11.046106753925924,1.1971812558862587,2.495937109362264
1,-0.4399361329766364,1.2652709370562343,-1.7912310073980469
1,8.065685593818213,2.7814842045337276,-0.3849329361003658
1,9.145674920818015,1.766775828996643,1.5496145319916377
1,-4.058169530935819,1.2924218118696502,-3.1922741303055457
1,3.4768557246200023,4.820868853178545,-3.8499011208522496
1,1.7923931945255522,2.1242693359551548,-1.482122872809429
1,11.671332083132436,3.3412836659179943,0.35608334456090845
1,9.249820179803187,3.8857033986132135,-1.0806524050898079
1,-0.37134767985042916,1.935567495691357,-2.5737883437597757
1,6.987941000627378,2.520502587571332,-0.7258875195272205
1,-2.4535211714097755,2.204070401208223,-3.5716329573054852
1,0.696937921496148,2.6596458722178933,-2.153329897434705
1,6.1250558683034875,2.161352256172024,0.12083729307078368
1,5.397618446839949,2.825842903631154,-0.5722528433463351
1,-6.723984324472397,1.1662171584433991,-3.751040226857397
1,9.806321239298113,4.899452464661791,-1.2159083227273706
1,-8.22377492198052,1.3934836237650277,-4.735785810371535
1,6.545106656843581,4.514380556437014,-1.9473970690885407
1,11.033773674480026,4.465514647878118,-0.6131866574481241
1,-7.899802931334687,2.364137720119849,-5.322807006121746
1,6.948792849919837,1.1674727787360444,0.5446020637391028
1,4.975540754606615,1.1862469449229294,0.17902963578444342
1,-1.3172956818214465,1.4245638708687556,-2.497247838868879
1,6.149975734057659,1.8287864995624654,0.10289930456249291
1,6.530457428433008,2.574718203542063,-0.9878899783231485
1,5.599116225818182,2.4750491864814466,-0.36706027757935733
1,8.254289348880704,3.4856859456309355,-0.44515065507605606
1,-1.573305181384846,1.1629740569811395,-2.5281235068911228
1,-24.255423740082193,0.4885177881508385,-9.596119156531792
1,6.558344526431177,1.2149406900603499,1.0925835155378172
1,6.399306551375251,3.033061653069549,-0.7156187229037011
1,2.948782394535689,1.6376557730662178,-0.6445052419843936
1,3.4108869883185777,4.419824375883418,-3.2683509957395
1,2.1590385472928926,0.2543257473169906,0.13596890834119482
1,10.483402927548907,1.5523142874548703,2.2191988658799198
1,8.510396366330047,2.590756705948171,0.5626952144906411
1,-5.388537725047543,3.4419055347131136,-6.207515961948306
1,3.9624029696350878,4.322832648459813,-2.988320782294321
1,2.6102640772210033,1.517524681229571,-0.7043954228698704
1,5.112386071283208,2.1361345689572064,-0.41238120399012623
1,-5.069113481954676,1.0653918160812794,-3.4740089043791
1,4.0546285574084635,2.9277883056176046,-1.611614569739539
1,2.4968451388916044,1.0777173164362053,-0.36056137139320915
1,2.264176296024521,2.4206219312609947,-1.5488519880261336
1,12.300017233231232,1.942698060562949,2.566842175428005
1,4.762707183862176,4.013752975819389,-2.48170097766169
1,3.1163791984570652,1.4338795428980307,-0.2766654612302192
1,1.0292191335855638,3.048050009025038,-3.0964351635203764
1,3.9470026678988726,2.7898526467025544,-0.9710736539244893
1,3.6918668650717876,0.6422119773277007,0.3947392604610981
1,9.39890155092429,3.710750351686199,0.16398149867292194
1,21.34285156964921,10.429265532685518,-2.5296150120906433
1,-1.9812250284204544,1.8390576606401838,-2.620626517266472
1,4.1083988234242685,2.5049898617368958,-0.9511577900739526
1,1.5654742416542093,1.8616726040781029,-1.4873443012456935
1,-5.114331261856672,-0.04724445589548922,-1.390966879070821
1,2.058958129952973,3.183749446834735,-3.087558241944603
1,-45.70925433104953,0.7245832829530173,-17.51465432086265
1,4.789093743036059,3.2432802307799085,-1.5044745605679248
1,9.355501280347921,4.990159616238303,-1.2898018241991478
1,1.156796171873117,0.3630627945070741,0.11847819524121024
1,5.248251852109467,2.2995593733668795,-1.3468854987106889
1,6.429619139742581,3.202339717062052,-1.0276836946380468
1,1.3171113371900969,0.3479301210608474,0.3951350129631684
1,1.7971346605752132,0.4238534562973561,0.6328047194396984
1,-2.9051916490578154,0.40389007086518963,-1.9005130949879618
1,10.522720815809398,4.350459137026224,-0.6238438416767497
1,7.377907557988102,0.45693609711243877,2.2002347946151097
1,-3.22705974178248,3.2824632704775505,-4.381543217141927
1,0.8885924654448265,2.663373914550969,-2.0057646219439036
1,1.5712528547183489,0.7634260412601888,-0.004186293609010843
2,-3.2240951791952055,4.397006027915825,-8.493306857676643
2,4.718563765510942,4.9990102710450834,-1.2590704724921256
2,6.769302300476869,8.283470734447048,-3.0480492009821485
2,0.6699642213926702,1.187850801231172,-1.1749278768341491
2,0.43463989401882763,1.1047754155792051,-3.585156164097719
2,3.7181953883850816,3.944213044840496,-0.9434571227556691
2,3.9597837568757135,2.4772024350103043,0.2043762818503012
2,2.838337396321918,2.0899314688266495,-1.1170701039335778
2,2.950440793701531,3.4526292551119795,-0.972782737048673
2,-0.24323225402723847,1.2217259359668906,-1.3235848930582639
2,2.2054772231855537,3.3845354235872347,-3.8647125601301546
2,-2.144546215269621,0.61579625194317,-1.3562276404314586
2,2.1348266042919963,0.6495631671990387,-0.2853167742384937
2,6.144768916195847,4.8481045392339865,0.4355861153888202
2,1.2004118308973375,1.9471408162727113,-2.6662224481518493
2,3.3651295307647384,2.690641543681822,-0.6267062523902286
2,1.7374385708088562,1.7951466768004065,-3.0626279826827036
2,1.3702247808404342,2.2041867436117246,-0.5079509660827682
2,1.5053920541292494,1.6225731045992766,-2.617220492676834
2,3.6330974045973763,1.5297912213811273,-0.7375173480374622
2,-1.7923897522396492,1.6351014109461608,-4.366377605702473
2,-0.005403635979639887,2.065581575872995,-0.4948960166237582
2,0.57582734297418,1.0916504243870249,-1.900948423005034
2,3.170280686812492,3.6782121516234607,-0.7688388565701468
2,-0.170877723725132,0.928904008543051,-2.8144664041282086
2,0.0728970142977795,1.8508408779976588,-2.9798030262708184
2,4.881016658488442,3.0977842111837575,0.19198619131060432
2,3.370234192851608,2.5000020255123228,-0.3160297038489261
2,4.637474856889312,2.6492410028707094,0.05177881822016875
2,-0.009117627035359122,1.6958887169674006,-2.326311241134722
2,-4.270105485348774,1.183223167446667,-5.633916084933988
2,1.4261957330814512,2.2279502163834146,-1.0875454721866948
2,0.5716221622711029,1.7954790916038876,-0.3755383326773351
2,0.2241740463719406,1.1609128196798248,-0.9279094843785343
2,1.1992415595870445,2.0807359600200797,-1.207506678092012
2,2.6440762143687877,1.3758310185735716,0.6452475725049744
2,2.8617405721365254,2.1789212728553995,0.2017714431171314
2,-1.9526228193971868,2.1295012002561293,-3.032174991308895
2,1.8170812421195008,2.751471760584747,-0.9653819256063063
2,2.226460267625394,1.9242709419740456,-2.5061627176577965
2,7.067277060578678,2.3524023952847637,3.2717252699188646
2,2.4272952468833857,1.549043509511522,-2.0159136646369364
2,2.7599662676746197,2.048626346201209,0.14971703737342787
2,1.7285936523305085,1.4930988752758025,-0.5578948478216186
2,0.8776570748671263,0.926712550378172,-0.7595418575537362
2,3.6980795125737442,4.6860797767637585,-0.631165354607594
2,2.4095552381660044,3.532108400525349,-1.1488655209892527
2,3.60438716351839,0.8929414784647043,-0.242956899063528
2,1.052848269527379,1.3630262526950625,-0.6349736120707389
2,1.3698537680660356,1.90612386454072,-2.7199348399882255
2,2.396637751933813,5.27262765634616,-2.690317577180606
2,3.7499527081507846,5.880535821543703,-0.9953802615790655
2,0.8376079985283114,1.433989634621537,-1.1667008473709537
2,6.897300408545054,5.074060811072662,0.06007770891200776
2,3.644264099728553,1.083420490708693,0.5468039171601772
2,2.822224357452993,1.8808211466832288,-1.623642953902693
2,0.1723042699596944,1.3950585396821302,-0.3168062932069604
2,2.402127718084985,1.24578106571241,-1.7790410303506192
2,1.6437837617387985,2.576108979886405,-1.1061640474131917
2,2.6991185668501365,2.708253105044279,-1.041615452764745
2,2.2965461567672607,2.4891024634948704,-1.5834253274616312
2,1.3197826891630022,2.8349460028302396,-1.5749987866365103
2,-0.23519243772249276,2.390323590447997,-1.5116696716343436
2,0.7122639873216559,1.0906137192077734,-0.7919216396646273
2,2.1338354778451065,2.1816551418775885,-1.0130689358012221
2,2.265238662837824,2.6828101439316185,-0.38788185833539957
2,-0.30381822250507273,1.2082718040284444,-1.4915702282737566
2,5.423680355227232,4.681702287097932,-0.4277048704251127
2,-1.1968430598134543,0.6510720028718894,-2.6300016473090038
2,1.3239786517212933,1.264206907381871,-1.2720975552352045
2,2.1964637164595624,2.385195011134863,-1.013321609560637
2,1.1380498995265023,2.654963576390961,-1.4909344595334377
2,2.243719709376588,2.255493024223327,-2.2116050042578723
2,4.619093737326441,3.82092535616415,-0.829980909266287
2,2.570420429559323,1.8952910739672229,-1.265775006235404
2,1.3226930039009426,2.0017796075554766,-0.14072830730915734
2,2.743562972513907,1.9572724122818428,-1.0949156455042626
2,2.749833492331182,5.578898418827722,-1.981435589794273
2,3.7646990302860854,4.38850051611483,-0.9405927681030606
2,0.7994499685887702,2.6618791230023304,-1.3695512233347245
2,5.500967336701962,7.731438697865153,-0.8258311117556683
2,1.971737789298809,1.539429723345171,-2.2970011166248057
2,6.33675964928765,4.8854944335583825,1.2914996275877226
2,1.3349646925567682,0.8906053417596155,-0.15793956127137054
2,2.1519138029813387,2.60947625488182,-0.9449577341488049
2,1.1533570559209323,0.534715809503526,-0.6667586801604374
2,4.396775973812592,1.2501693035108137,0.6754107372409809
2,4.349927630804364,2.5784292506427082,-0.7822157736579614
2,2.881912932457359,3.52008146063555,-0.3079221420431456
2,0.7453877980280508,1.7570699367882239,-0.5335493828335609
2,-1.2332049207592397,0.7045461251782777,-1.3304820335896617
2,-0.3778394290347227,1.3357521616144805,-1.3576988186146755
2,4.874744671215869,2.5114634093550907,-0.4652451300169342
2,0.6995569736553521,0.7371683896872069,-0.9449897411918727
2,1.466391411743847,2.5253327029530457,-1.0938305114922608
2,4.24769660389317,5.536160210419939,-1.5298960188485253
2,3.0495378016071877,1.556634329856677,-0.46365041419009473
2,0.9366973260955278,0.7623284135366629,-0.9861787164861572
2,-0.06830696598298286,0.7867678847769906,-1.4466651441845961
2,2.122954186805878,2.7129047244638724,-0.71007811641604
2,-1.0289806255900675,1.2513156872939522,-2.3296337384625887
2,3.0607039563322456,1.5273665095687916,-1.4100263557520054
2,5.309996427534775,2.9310042749389176,0.5898984084033817
2,9.165155035892479,7.864267756434871,-1.518672728917816
2,1.2872492323528448,1.6505718388069315,-0.8277061198992098
2,-0.8381350722019575,2.4475024005126174,-3.8507445391783097
2,1.2314945441211378,2.3283043308297344,-0.9476226962905517
2,3.038415005764185,2.8202956997256146,-0.39539624054506317
2,0.12343352763294535,2.091154542165182,-3.3536130465554512
2,2.285088493672413,0.41972992761154426,-0.3900939593838291
2,3.3671043090034165,2.578105309663391,-0.6458846428038164
2,0.3063847507377563,1.6636259466033396,-2.724520795660402
2,3.525296593265592,1.8952356428668582,-0.47859869235235925
2,4.371368033348547,3.4511032363782754,-1.0917961083739016
2,-1.1106773231129492,3.583139490295295,-5.726390323726605
2,-0.424217584011377,2.7570047848833137,-3.3022128838672624
2,2.8394820113393404,1.5522957149075973,-0.8412873204752597
2,-0.9673554699632078,0.3407126842370043,-2.3713754300993672
2,1.9326777799423849,1.9381474087408772,-2.6222922704868745
2,-1.0123071867904394,1.8110908386988707,-3.3099956567460596
2,-0.8921877465413453,4.474787834453071,-5.229899309185555
2,3.9502163036993867,3.1018881507608547,-0.55158567118023
2,5.305344515570944,5.001766281150406,0.14605032471711624
2,1.0756262369371175,0.6640774911149038,-1.130495704036949
2,-0.026119750925398977,2.758113407142527,-1.946148212609684
2,-0.6180040571685268,2.0836175250180515,-1.8529787544584364
2,3.4861031904210407,1.812355526301429,0.11313722574395939
2,2.717858453054507,1.8570680374450388,-0.34660654878451613
2,3.8961949883945,2.328668747671019,-0.17120233922369998
2,1.0514555158141654,2.203186947143102,-0.0025615151397107142
2,2.0910188943197037,0.5279023867637622,-0.546631090178513
2,7.2124364716525085,5.12519711013008,0.06013950995572567
2,2.401420296946883,1.7417857669029564,-1.2628543811970354
2,3.581354169149357,2.654902115956166,-0.7307830948695312
2,3.6882940964510564,1.8782776431664945,-1.1876066101562421
2,1.3687385435428796,3.1147202289884364,-1.1626172889258881
2,2.91565458222908,1.8938193625288864,0.7437885667028489
2,4.121451870673398,3.3984673240130463,-0.5449625325627716
2,-1.4298819342681481,1.7416044547476335,-3.2823101490666486
2,1.861193873249284,2.678531798727762,-1.7877242098325983
2,1.0263158646603405,3.7330227663657785,-4.358343511552334
2,1.6737747271532197,2.691252720795375,-1.2410558641178684
2,-0.2374019897678562,3.059855925495955,-4.8759027191140305
2,2.7427444251555704,1.4916856391259312,-0.17795171897262044
2,2.8629313407401775,4.643810999857682,-1.8329516383770124
2,1.8054244237861796,2.256828163117414,-0.3247408699656932
2,7.2377962305879375,5.711662406621202,-0.27292605105918705
2,-1.5483806325620113,0.6906270508173581,-2.9977823980887073
2,5.526431430609941,2.944908693032845,1.0161251500304869
2,0.5186234508994408,2.0697011668005816,-1.5971664281770686
3,1.0764377681631925,2.752119310986077,-1.6659358991764828
3,-0.6181062482539363,2.18450501898151,-3.7073328627992734
3,-0.021403546610630993,0.9885470134553525,-1.8576240165299645
3,1.3150176253946095,0.8193896618254551,-0.5898566045884406
3,-7.552060440540835,2.8674813698827495,-11.126050065859392
3,2.7820408627174764,2.3871445824783795,0.21887056468313695
3,-0.4538983426353491,-0.030396566661200025,-2.270538591228774
3,0.4943992510699454,1.768010093526896,-1.5302610447023994
3,3.3464792471828564,4.283483406710851,-1.2685965288947063
3,19.397514775875376,17.250722416770948,-0.8272862775386578
3,4.877027629593613,2.8395547896143123,0.30111295528121257
3,11.389092858503808,9.873286053290645,-1.0620285207817897
3,-1.3800800295110005,0.44785420795341235,-2.1923841508369724
3,1.1736069739705015,1.498754591606215,-0.4999927645231437
3,3.275731858841349,3.622919974617137,-1.0828694228739177
3,4.857379045314583,2.328771993125215,-0.038185961158454386
3,0.04676965098111274,1.3464362322253802,-2.3025653229298877
3,0.9610625272637549,0.860225797585107,-0.36490325826906617
3,3.006305432396567,4.978996023275985,-2.417823131033009
3,0.7986992814789747,2.69913604933537,-2.6644110360512405
3,-2.027927127916744,2.37198034698055,-3.5068283448480653
3,2.9395135158338013,3.3886436411414884,-1.2773651834325008
3,1.407588697406844,0.5249905077057317,0.4926688378313474
3,-12.837041570763127,5.1474577447189,-17.975812759281848
3,2.391677616187885,1.0741874407930163,-0.7160152228717283
3,3.0031057189628365,2.3241471580870012,-0.5119631466386536
3,1.4521641139194001,2.1605277645390153,-0.765309094867474
3,3.951128342984796,2.758641379609081,-0.9676217993899991
3,5.187760537736191,4.049536366459011,-1.1561686574164802
3,0.24137691259483707,1.2097335317559252,-2.4516754756869017
3,3.1763127982211263,2.400964889202533,-1.1336351770560482
3,3.7907638680856364,1.488554350131479,1.2392264890784561
3,2.4373152251556394,2.3009565152975924,-1.6407701298433244
3,9.174987955888335,6.679151671652231,-0.751280591836248
3,2.781853409277242,2.5615499406400137,-1.0337093925224397
3,-0.599418190072734,-0.10508231389531239,-0.39406054098331506
3,4.290826430442109,3.168557338142537,-0.9945960956037643
3,4.847097274725056,2.876427437360591,-0.2192242747234571
3,-5.331185894789515,2.5359952712750164,-7.666325278612017
3,9.282520607447164,5.979710472017754,-0.3013767646320439
3,0.9588166329361143,2.773309139762743,-2.094590908371215
3,3.493151371122526,3.7207896159755474,-1.8489817394701449
3,-6.189473547586571,4.23075343030518,-8.42066872550125
3,1.884364573378167,2.264837982810748,-1.3347255561610927
3,3.613367651701702,1.6040555435973036,-0.30011599099718433
3,0.5982553980578692,0.8505979979413789,-0.7718181166439034
3,1.9407543887886247,2.6991952426661645,-1.0887576293989623
3,2.0034543402315768,1.4608728093088623,-1.191022332412261
3,-0.10831693402163411,1.7223552163397136,-1.9460081386306016
3,1.4822642720729078,2.213364754601611,-1.9961979676208361
3,3.741876824091251,4.82246113418345,-0.9488032581233851
3,-4.741393639351448,0.007518436014425445,-3.6879694839108907
3,0.5464475744644659,1.168666380203207,-1.1360240249188103
3,3.0717636912753834,3.60137117224078,-0.9041515678417733
3,2.353330966939951,0.7849618648668083,-0.7598750064455394
3,4.862997669851376,2.8815724167745884,-0.3230280654932464
3,2.7883051148316094,2.652815701870382,-0.413354245632155
3,3.654762313586433,2.316261561597909,-0.4988809403156448
3,-1.59091285250269,-0.3560662996768742,-2.6204700141533124
3,6.257226762723099,6.6542381766818375,-2.3331200493922384
3,2.363477691806778,1.3045056144537819,-0.40445722291922137
3,2.0432254673702293,2.8250492831486937,-2.9048387795281454
3,3.478926907124428,2.9295089081849173,-0.3587598358378471
3,4.568682127550102,4.222337541445665,-0.7702678895840813
3,5.6237659728964555,2.2763493831488986,0.9022881668161923
3,0.2277854277815734,2.1447473717180054,-1.6689373373615835
3,-0.15283885413619838,2.9477364122302374,-4.063361931410367
3,2.747029419162666,1.2431418087247488,0.3145010632809454
3,-2.4352768396723365,2.850384127892156,-6.164158555988762
3,11.8336878317344,9.023263531482833,-0.5786505815630404
3,5.260366475329137,4.062155922819919,-0.6053731163797115
3,1.8025014758562234,0.32386868360019583,0.19814813222210906
3,1.551756423976458,1.590633016740375,-1.7259256614167606
3,4.105534722666016,2.8993555580094803,-1.247288529984311
3,5.271703172031163,2.8764629687790753,0.49056760718706427
3,1.1080777029146582,1.9106039129707142,-0.9379915338549735
3,-1.4083681390840228,1.0197067405976803,-2.9178138122675543
3,7.4484283022106466,4.361816490021527,-0.2877078956871006
3,2.2115679284440666,2.2445213227792213,-0.8708097540172828
3,4.5533068325312644,0.09413599718474064,2.3950560400524266
3,3.196796882850109,1.3972270373209255,-0.5307256679497798
3,0.6711741767488495,2.0106795199855023,-2.9411513441940085
3,3.117248325647586,3.7655096388452183,-1.9117639379110802
3,3.001771092475188,1.092618064938146,0.4686826486178625
3,1.5723549842855604,4.815023253551285,-3.5313934675868244
3,6.203576251698101,4.4852934904281465,-0.36751680911727325
3,3.8506378289064127,3.9235786896518463,-0.6863077707811567
3,-1.5338252786265574,0.8168432995653857,-2.2248625858851754
3,7.106998842033701,3.193138332212342,2.925416716742927
3,1.829847550789494,2.64883213181681,-1.3464167362713426
3,2.098045137427812,1.9614020155724283,-1.890942696933796
3,-0.4317329952122718,-0.1740184363686762,-0.6859065117744728
3,7.40165805515578,4.5863281763790225,0.9964837127544794
3,1.9538252914834469,1.5727430552104904,-0.3259380304854772
3,4.054621359124477,1.6793677081328093,0.5088696653112273
3,5.472406501940503,4.604492501218086,-1.5355177813578358
3,-1.707920045236106,1.0364383210663661,-3.1464681296822463
3,5.275874961935248,3.495269063750958,-0.32531683602574585
3,-1.713122615209424,0.7651063899743438,-2.7116897401191333
3,-0.1346020614029586,1.3144259702701813,-3.157814319382566
3,3.0993031013419303,1.882865739547044,-0.5664780589120246
3,1.9213617426591565,0.6792916501600762,-0.7290567817526129
3,3.609589131672051,2.0078807670810837,-0.2589504905999465
3,4.382022000654006,1.6086716107701158,1.1468869100046697
3,1.935248908579536,2.5861141021438536,-0.12409781591858458
3,0.13528417118571645,0.30001573860011105,-0.42355756011608436
3,2.7428588850033258,2.57648274781658,-1.4620428973408008
3,2.3383562175245935,2.2551664041353523,-0.6777725264142818
3,4.963710369897552,2.2476498820951596,1.4238971608676854
3,0.5092653487197704,2.020517001216509,-2.0539418881198332
3,6.079622071198797,3.3513159519924245,-0.3508718884317221
3,1.1997582935771307,3.056366241880586,-2.234093707919253
3,3.537451070247533,3.4034771953472096,-0.8063409968515542
3,-0.053927449212652634,1.4412462850219077,-2.3246073308210184
3,2.569646812261127,1.9944260538876122,-0.8007829035460792
3,-3.6992595051768333,-1.738196528045131,-2.420896623206706
3,1.196819611172505,1.7097552337909119,-1.4653283476072252
3,-1.6543985081809982,1.4528048324323828,-2.4140250321890027
3,5.469635840122073,3.611222958600368,-0.06114899283825897
3,-1.2495430785207162,1.60418037674733,-3.9440647515863487
3,2.2428459963970098,3.5992085997961296,-2.085448700134905
3,1.335244305809531,2.1258715515002056,-2.384456352304957
3,3.008769825561295,3.084373497942644,-0.6753165877777663
3,7.15898895383907,4.911749625297923,0.07136375000265148
3,1.9362115848889534,2.6167697846618023,-1.2118879801222895
3,1.6942872756412755,1.7148379029894683,0.3918637644998876
3,5.698505246656623,4.381352517546762,-1.3111646991824346
3,2.1662168854056225,3.0435389005628735,-2.6055304518391718
3,3.4749880564762967,2.4850158437750407,-0.45274791504296813
3,3.323513418049319,1.0696939730663155,-0.32469736744770633
3,-2.757900614536458,1.91810639716012,-3.708363075346121
3,9.251502933703353,8.99792652515387,-1.998972599499323
3,-0.06271414189000657,1.9191373326759347,-0.7365843292102207
3,3.1655234150890053,0.924200531287579,-0.2727648944178649
3,-2.5384217773883577,1.6020768946339394,-3.850069340005313
3,-0.9701355588127374,1.2885753181763648,-1.8250747572265387
3,3.1702300789035167,3.4170015324568976,-0.7710846564611037
3,6.981105143846723,6.23045644605246,-0.07031749788494461
3,-3.380533511919793,-0.37549508154940847,-1.648386992567574
3,4.139267824676323,3.4468964983733987,0.12668587573381584
3,0.6868433683974524,1.0087020041339303,-1.1145263479520913
3,3.2781667069774247,2.401123681816415,-1.197380733739776
3,3.6568129260802533,1.7101269610181975,0.25123271171856965
3,-1.1006022365194756,1.4185180406668638,-2.121997005143848
3,0.48757098156276846,1.2147045683132256,-1.0703542045970889
3,5.7863701985414355,4.249617194573636,-1.7677487351443935
3,2.898330673089231,2.3902792902041323,-1.0815129808696966
3,1.0577272405775482,2.6999555405147437,-1.51043338000986
3,0.6152825421213364,-0.05238258927486371,-2.504522784720762
3,-1.3263546940270017,0.6401560514750593,-3.020121455493591
4,-0.08291368473452265,6.7176085503650915,-0.8064453813746849
4,0.5104949252043904,3.7920484477195884,-0.739537880087738
4,2.6791919677244103,3.2645033348411503,0.14338742849650674
4,2.4203804093719623,3.5425096172965294,-0.9725033909160329
4,0.8234602978261644,2.267010388425708,-2.0255184635602816
4,0.18147347436509906,-0.44196599059604263,0.13483372351982556
4,1.336946893814173,2.5102313624130366,1.9288688193945447
4,0.08883693991078015,1.1006494184869493,-1.5991638682221216
4,0.865180818200249,3.395947081742425,0.30206936739989915
4,0.4914052558949934,1.5579351464188842,-0.9218589580514649
4,1.7218280747946206,2.6156988712203537,-0.5679049859601595
4,-0.545238503976667,1.3061844139060454,-5.628785091564441
4,0.4615056443149873,4.4832811035474736,-2.4049379921795837
4,-0.06938819227930737,1.8052426971515918,-1.8214932562577908
4,1.1754928664013748,0.9656346100843163,-4.470961441705406
4,0.8403830297830005,4.010004156743317,-1.2491164863901758
4,2.6338888655467265,8.18475920588136,-1.5031671112764482
4,2.5373445231024156,6.295205578997239,-0.07839243926806028
4,0.8772120766764108,3.0717758396581467,-2.6649209948552155
4,0.21888693515354352,2.2509622902268616,-0.534207054045167
4,2.2743636830054297,5.635978898445765,-0.8079105443947505
4,1.3191977099937175,1.3129565921670243,-0.15307752220935766
4,-0.6909377326264363,0.9340931100552542,-0.8116306005307355
4,1.4213958344337478,1.5429022419975518,-1.7569269367561167
4,0.18609983301766142,0.9679381507529969,-2.076722779008725
4,1.6386516244226583,2.3465472308829947,-0.11858524922017058
4,0.3044900255462726,4.847311892201084,0.22297491822831436
4,-1.3079538310917993,1.4496483402538711,-1.7057055465709485
4,2.137146106618256,4.530412536988883,1.8485552633262654
4,0.612150118232147,5.775716445016841,-0.958546339336011
4,1.1742518308153542,1.9342858725431455,5.201316952381802
4,1.303114148806744,1.9969309405048574,-1.079986956216332
4,-0.01579476003275543,3.379699162236553,-1.9744642410778992
4,-0.08939192130443352,4.315408657744996,-2.3197038967917
4,1.712935252445329,2.209957235575354,-1.2917567499668736
4,1.1234551408241344,3.5735303254170914,0.7934865074762023
4,3.0054442730028925,2.7472579734480824,6.262872723359535
4,-1.3724316310679727,1.1078138051819681,-0.5124562804465959
4,-0.0867491339748927,3.68993879287536,-0.5735638402925152
4,-0.4765463320216959,1.9201919822728284,-0.9033905042674634
4,0.2900972338843984,1.568340894954738,-1.7219124295088732
4,0.19679520766763303,3.4423289782988324,-1.3002945223078402
4,1.1910618946340588,3.5617538062382192,-2.0538021849875356
4,-1.7058026534024162,0.7449333771134371,-1.4987529711071577
4,-0.424739188509626,1.4477056647757154,-1.3137193779015508
4,-0.3838070631463094,0.769292251521301,-0.6297928959296517
4,2.0224317238342993,11.631958725092744,-0.27843417879408927
4,1.4191035308148812,3.796218277269289,0.8210711564797976
4,2.336458317459985,5.01737753379809,-4.121273817028442
4,-0.16953251508359757,1.7614089477795105,-0.4939293791936116
4,-0.6882586651031573,1.2664767168700755,-3.389305650434865
4,0.9549121873729668,1.2104302149432093,-0.9563535785290949
4,0.4767855284468275,4.059934341897346,-1.5565789478287642
4,1.633606508728052,1.9265302313716821,-1.5173076316139917
4,-1.2612944589016637,0.7154570416317301,-3.1816658297486247
4,1.2101708099490378,1.4695568530558691,-1.8973356505844816
4,-1.7971945557747813,0.82856063440391,-5.0514249748836475
4,2.618739755304126,-0.07731438347977199,2.1145323575961115
4,0.3985343514535967,2.107368109701957,-1.8038753876443416
4,-0.0529532036305842,1.2174789024711936,-1.446436911150751
4,-0.2566142648517701,1.7497288956030495,-2.2074905639836655
4,1.2980242109979205,2.6780704240990785,-1.522806873940936
4,1.6455219516598465,3.6425155592828977,1.7930218070533368
4,1.0445167012796819,7.666227077588729,-1.6499360836862071
4,0.50012328562347,1.3324997452686482,-0.5815946822120303
4,-0.4394992779503295,1.0882854827902066,-2.1155902617248206
4,-0.447573489833059,1.1687213848908309,0.6052556562831923
4,0.6686800476203288,2.025889836432438,-0.39144386886041854
4,0.07334572136035555,0.5815951996365568,-5.791577000275769
4,-0.004225016495309597,1.4143205371517198,-0.5196734831698018
4,0.9198534159909584,4.33136463070953,-1.5277134529134906
4,-0.14565929092620977,2.364414202965954,-0.5366583692727748
4,-1.3955342389874192,1.3760428327815253,-6.286956022057777
4,0.5351527365531281,2.9109585120736874,-0.6822099088270354
4,2.3848177120522536,4.89227185127041,0.41400993120389906
4,0.6196122387871775,3.3375652545826284,0.37811396336205505
4,0.10615131183222337,3.815951047176871,-1.0208411809191225
4,-1.1070015120372505,1.560553968147296,-0.6754816307398306
4,-0.5791244099303123,1.7799672534891928,-0.35357727193133637
4,-0.898851226326949,1.227316978732265,-0.07758472792553621
4,-0.10069644198596472,3.7475950635801216,-0.6112777902384727
4,-0.49575859780346365,3.3129172019526307,-0.794834214861783
4,0.6247475809161361,0.804247118956027,-0.567912486043645
4,0.23512617045489823,2.5980790286957127,-1.2721668051341481
4,-0.7441142726162033,2.3133289007012214,-0.4055826405915258
4,-0.5807016824650119,6.481810115351304,-6.478462216121837
4,1.287574308708448,5.482213997357563,0.008359198634717064
4,-0.014552869072171237,2.619890100992266,-7.715222770184955
4,1.4271578914120036,3.8654023316130073,-0.7191247204890582
4,0.2629165552143977,2.3666629501723717,-1.8053265582097564
4,1.8098132244231246,1.800361731060181,-6.240236501539568
4,-0.0732367637269592,1.5482222885589303,0.1835798181017069
4,1.3978105020601614,3.0420239119565453,-1.7618665523084045
4,0.11847491123195969,0.7317913364245051,0.34770459740983845
4,1.5997888497840163,5.994030173775316,-1.7892056605884206
4,0.6528011800676727,6.699166345513986,-3.3800257430901377
4,-0.028796715999368505,0.9783692754799819,-0.3103760549425619
4,0.18130135827355237,1.4399313942321454,-1.016468617030807
4,-1.3684815614029169,4.9293129634339055,-14.746056870723203
4,-1.107814662029712,1.6259873411639665,0.7925110791102246
4,1.5290992051293275,3.3767484792100486,-4.842785076675146
4,0.11955178478332906,1.1592454232566325,-6.4202485511970515
4,-0.9212497569316255,2.0165299734265676,-2.254385598193509
4,-1.3132043395775015,3.329298637182786,-2.136557828927904
4,0.812627748084945,3.1864938175552298,-2.1733675593450177
4,0.8098326167731884,0.403266150348699,-1.3155356361913961
4,1.3355354688605992,3.140679779460335,-1.613716789239826
4,0.6177407682006553,1.5201409593151338,-0.9440841905700819
4,0.09302033346581523,1.2757384490150347,-1.334223525122925
4,0.5922442293882852,1.7872367397689695,-2.077278469859092
4,-2.3169643854699906,1.47261060018126,-11.927036961193515
4,-0.5967602844317315,2.3702061660039817,-3.6307398625926295
4,1.6140002160630131,1.1596000444399457,-3.073214681742462
4,-0.010195863165693209,3.3433332161445195,-0.3985401637452162
4,0.348880942171618,0.979652751868682,0.618382376648078
4,-0.9732943656198435,3.0739305523286884,-4.219841176232977
4,2.17233420954795,2.0519041615740155,-1.5591804289744555
4,-0.40123007781487313,8.044486322463964,-9.734267071324187
4,1.4411844364610755,1.8897332573280574,-0.37722646737925697
4,1.247758926775306,1.8713870287561345,-1.611375958823138
4,-0.40392659199353076,2.470430350399129,-0.5398941301613721
4,0.5966934248856708,0.4689957973957078,-0.2837982917541073
4,-0.3716059784165081,1.6215338948783231,-1.5850529630600354
4,-2.299497685622891,1.3699160129157106,-2.17693617603526
4,1.7952977334603015,5.41594579218048,-2.4017399157337995
4,1.8363416329133824,7.258009672392426,-1.528933288479588
4,-0.33179352217857627,3.6903479784135005,-1.1846882180594063
4,-1.7936396044432497,3.1564314567368053,-3.3681513064947994
4,-0.49444830966784953,0.37140283708653676,-1.1327727864446309
4,1.6536887105210365,2.8751241190528862,-0.058847178016879206
4,0.2738218099419827,1.845387009950424,-4.827684671286332
4,0.10555248532376268,2.7113010164119102,-2.886224266562082
4,-1.3769470735423788,0.5193001840315451,-0.019394538473366404
4,1.609626991570331,1.7903162027024946,-0.7047438123997362
4,1.3444599385099112,1.2243035763659502,-0.45826088028489786
4,1.0850350444689587,1.5598530370825285,-0.6628537979705326
4,-0.10947151307879144,4.082465834467934,-0.9621873837363065
4,0.7106985894271398,1.341878560117332,-2.112958498175131
4,-0.2944234943488672,3.9372903162479918,-2.664004667191012
4,-0.5570764746937704,0.8017088983035756,-2.7549939620186557
4,-1.264096512552491,-0.7211428741111541,-0.9972357324431524
4,1.0202413895997586,1.7921175022582763,0.6950958497590118
4,0.20467753193092786,3.587812992799993,-0.5508711838612733
4,1.3713623410909985,2.825519463429699,-1.3516792924387184
4,1.7466509544125797,4.000005719074573,-0.06810654854101073
4,-0.9802199257214224,0.8407976887601994,-3.133887474093499
4,2.315565274069753,4.86556545700784,-1.4960962552399741
4,1.401836464565866,0.051308144666576475,-1.1921598901060575
4,0.2384577354654297,4.558428799832884,-1.5175589421039883
4,0.8372807985582409,2.495040527553832,-2.072433597573489
5,0.7810310727899393,1.9336458619095847,-0.41417596157648134
5,1.8101293278504949,2.839596305378548,-0.6045771318302032
5,2.491836893903952,1.2384837294427726,-1.6188993155914213
5,2.6376875209629187,0.4467299019563008,-0.22390163792648285
5,-2.2115501392377768,2.748604897540897,-6.019575872268661
5,0.6462102337073128,2.591209206304557,1.0683447830177026
5,0.25774315681550614,1.185549440754099,-2.3931979311258376
5,1.221632137029452,0.5913818309894059,-0.29988866234472367
5,1.9876539145181904,2.830074014195017,0.2569925482544046
5,0.695774061305795,1.00539028713401,0.25882546645291393
5,0.49234043092788393,1.4435168714397748,-2.3915959199175987
5,0.6813396082986324,0.599314328719637,-1.2232749215463101
5,-1.560005943934155,2.3535165739240402,-4.356704399790059
5,2.252819550955309,3.112281288846574,-0.7610160235402089
5,2.262702821482927,3.7868365446981263,-1.0360243193702179
5,2.195320275745029,-0.8543466645490323,-0.5062941930860131
5,0.626629700972801,0.9041808175538878,-0.7108435674819411
5,2.0288627015410032,3.401406116230382,0.6298947227174861
5,-0.29065995407962586,1.4188720165301356,-1.4953327317159546
5,0.950811863761621,2.9659829231483528,-0.6656857725433827
5,2.3656054356419327,0.9632508446398911,-2.6672076702159284
5,2.642817666715177,1.482389448699054,-0.24468314014279488
5,-0.9207870384847157,2.334242874421512,-3.991818553039959
5,5.970843717526586,9.482388265000813,-0.30270847901714276
5,1.2655576359513452,0.9019662612284152,-1.2313221533240823
5,2.4811214467717817,2.3659831677800542,-0.9098816878990679
5,1.357736671021907,2.567946100130488,-4.50200714382999
5,1.9109931253570136,1.4558927540365507,-0.2604121820574066
5,1.4355211838364696,0.7058996436268105,1.6604984243460836
5,8.067704199436818,13.181239381244792,0.621791959627566
5,-0.13268105383575302,0.7962656155822054,-0.01318500675304573
5,-1.3854582239841968,0.16781298309485673,-1.4436555698774625
5,2.636005406409538,2.6859048252300335,-0.4670808151601273
5,1.3564111809199217,1.9693621253243354,-1.460037244150497
5,-0.2148884662220672,0.7395817758017427,-2.125625436700168
5,0.14461542610500844,0.045261254706164884,-0.998472657870181
5,2.3332623926560583,2.540351166915604,-1.2419540993039944
5,2.2759079733603977,5.117739003022244,-2.6729551025986376
5,0.6733216561729752,2.263982210297777,-2.3873052448997183
5,2.3084329580008935,2.3312768105602153,-0.3967468515835097
5,3.008027265598674,0.9453309936312811,0.7216536934168295
5,1.4097082014183748,1.5360985081549285,0.2742731420286105
5,1.5568134452318965,1.8833882303882532,-0.42136653058926293
5,1.417595358064208,3.053618408986975,-0.742642586260304
5,1.3036108050553425,2.1652623876530264,-1.235898061580387
5,1.6399695649213157,2.7219670194739454,0.2048973719887194
5,1.2181588162594201,1.1105826647264894,0.3119709763584977
5,-1.1208785130123824,1.6438246609761786,-3.173517310743061
5,1.8172296453456451,4.184210822434305,-0.08847408184310404
5,4.333308227978241,4.72312525830226,-1.6587143214990794
5,0.39346636629665244,0.08726447311580003,-3.5322336878423672
5,0.9810605140505981,3.394871338347626,0.6950370185206382
5,3.994065940831663,5.921283619529886,-0.5785743726749062
5,-0.0692969329815557,0.3497855772702523,-1.4034445868522392
5,5.522925919034071,12.318545652532535,-0.02715770100808893
5,1.406059808597762,0.904955648575036,-1.8836898998399387
5,-0.27242825750846533,4.64747084844471,-1.5176624560567036
5,1.0835594907571136,2.2821795184824505,-1.390790948306645
5,-0.11120009149949206,2.128642612750625,-4.746393514316774
5,0.2633634004540707,1.6487568169058313,-1.4269780141835342
5,3.570712365034076,4.064113250061868,-0.8817045431147262
5,4.136469490706157,7.665837872638433,-1.744630299763426
5,2.2380770726779122,3.1506491669454024,-0.9013534124327284
5,1.2946081215304002,1.817510300224724,-1.9581121964983421
5,1.012610487456773,-0.35998648220619384,0.11448723998814359
5,2.54311524778877,7.82203212532901,-1.0176598068573757
5,1.1405568063518212,1.8941011484187404,-2.3631410002770026
5,0.49716381092569034,1.4358871536345017,-1.15678270838992
5,2.798300060617982,3.1368038954400776,-0.7979172115238004
5,2.130182464596925,4.572736936976969,-0.8242972885594435
5,2.453974090424796,1.2635686423152794,-0.6479285260666872
5,1.7552741330381183,2.6169795075369575,-1.4506778766784252
5,-0.4519132171159055,1.623877470762173,-2.390938622996769
5,3.1906994971605425,0.8752280199242244,-0.29467501155425263
5,4.010058075312365,2.9278507831377327,0.8269115986131294
5,-2.0384808841161344,0.034030104577909816,-2.5665208573602984
5,1.397477859552158,0.699340917649293,-1.8870229704494137
5,2.8683250089849306,0.46360570918676014,-0.02704741513845954
5,-8.407798085983242,0.90984129247653,-18.19832588581591
5,2.314923655602382,1.8254707446205334,0.09370313780156976
5,2.311169526040275,4.355526647670837,-1.0497148481040617
5,2.6271959591990903,7.085221866355067,-0.26105249604860004
5,0.8008852108344034,1.221620091864763,0.3653293436773276
5,0.3635603094410207,1.2695990193895792,-0.1078226723104949
5,2.0044049597083915,0.8537062423396549,0.17391204366809754
5,2.4504118178937473,2.574832777225565,-2.3086179392668154
5,-0.49872126411625173,3.3313429285396223,-5.397393001688995
5,2.121545774556667,2.8037979557159507,-0.62460695981599
5,1.2238984069525591,1.6139614419100832,-1.7300535307155291
5,-1.1595709457092949,-0.07520275919389366,-1.8332351508585834
5,3.5809257288875322,3.9281867874881082,0.9006313238251014
5,2.4148006281718386,4.345062806261076,-0.9840132068579065
5,0.8640433938752308,3.1984166163819037,-1.1788618607194101
5,0.31881134618105467,1.3139124021221071,-1.0671532273603657
5,-0.6922942563965095,0.5061993687607257,-5.37283854424585
5,0.5157819961967041,4.657973026170064,-5.323066050200057
5,0.19913504099909057,1.8392126764057941,-2.241544954390806
5,-0.14245612204964542,2.0806529363289896,-1.5448342710036806
5,-1.1342268953473926,2.206164148821249,-1.9056670552145452
5,-0.09724870708151795,0.5164641721768986,-2.2571322551156507
5,1.1069841864166157,1.62107834283519,0.5312336328699427
5,1.231513688010157,0.2699899651499019,-1.2526299858560952
5,2.1699542064736663,1.8892867498715962,-0.9025848282018166
5,0.9218310239288336,2.4418199442487474,-0.045271735006855635
5,-0.10651717739397548,1.4371789783107676,-0.4868399148665855
5,3.58193605665381,3.92823112704408,-1.2439239399821174
5,1.7746486938300645,3.9237645527082625,0.35858718351878965
5,-2.7470130194014613,1.8699157401070907,-5.584979222901067
5,2.3306850885734587,3.1321694113532375,-1.994094184881606
5,1.6723155247943295,5.310342792472719,-1.6720846984292677
5,5.023862280839728,4.856494834687637,-1.2043361525377323
5,1.3030699700841135,1.4864217395400354,-0.558077118832034
5,0.39774435257848006,1.6970876161592232,-0.13849061773970647
5,0.43128222144843953,1.5625755882024113,-1.275902371645098
5,-0.9865959898407493,2.7789353264284853,-4.142434089629474
5,0.10851613205046773,2.039384591487177,-1.5896139902500097
5,-0.030553065911715693,1.8195376190026538,-0.3343444872392072
5,2.2369296202215354,1.727612821027244,-2.1629568621103346
5,1.1526963570624726,1.3860546096457376,-1.456438835156553
5,2.353914432008372,3.493525968512154,0.23985099511743962
5,-0.37731401489950045,1.2645431342572544,-2.497738118179063
5,-0.14653757998161443,0.43121738404198906,-0.10383964539695659
5,1.3631553907450094,3.525002510785665,-1.0939601856404557
5,0.9560959813450604,0.5900979317285088,-0.7419063767429899
5,1.6482348441498365,3.9313810830671714,-1.2446285885462374
5,-0.052789737992326446,1.7011601869159194,-1.7680821087917786
5,0.9234177803505141,2.6055670723636686,-0.025916525070409757
5,0.8422136827185844,1.5776295541584513,-0.9707193997300487
5,1.324710173752784,1.9893998252683702,-1.9488119384751723
5,1.0216329765940335,3.972340801275439,-1.9264959336220808
5,6.518383965295973,8.40723015646346,5.101688039228678
5,0.01596142399374334,2.2677729319867863,-2.1194911718427134
5,0.9185355985115103,0.08345587299655094,-1.9549047664451638
5,4.303183660997895,3.6701694863188785,0.8989764378875141
5,2.344914496661037,4.09392355637578,-1.7859568073334433
5,2.4967939178118357,1.7201766482024972,1.0974487273885178
5,1.1495547704242728,2.1550699689570028,-1.2202969492922988
5,-1.0019647066853918,1.7228469546987515,-1.4448397829445507
5,1.238201525180873,2.1576460888369726,-4.230832965405189
5,1.1054366523902657,2.680457845540005,0.07206727165461298
5,2.067592203557119,2.4651459943583802,2.142073235334362
5,3.1307574346730727,2.086779488548255,-1.4934034641230676
5,0.4498697030061132,3.7571383046219764,-0.4393212993113257
5,1.5952876876783089,3.3593828854261885,-3.936214969960381
5,0.2211490886698143,2.323202886147057,-1.8871087964406756
5,-0.40305217053456394,-0.21086419771890957,-3.4727051201866375
5,0.44206205459706255,3.7019434718048125,-4.528887637901099
5,0.19336737087610945,1.835174776452663,0.6053062383120024
5,-0.2946672413947258,2.920927188995301,-2.0430636523801473
5,1.8914295147413427,2.5337082997999354,-1.8760948530531858
6,0.6842314637826097,4.094342922643456,-0.9041418013420474
6,0.3165425200845302,1.6094918257667585,-2.845303348190128
6,0.9573166493473821,1.644902978695952,-1.1628148444288942
6,0.5205881248442384,2.6930851558193236,-4.772137801842388
6,-0.22448840019526373,2.192663684630495,-1.563636424920033
6,-0.20909450792225276,1.4116142575101336,-1.409283470530342
6,2.3360279886246813,2.686377159290683,-0.6056660421026774
6,0.49330559013915104,1.709847883565111,-0.5430937388761533
6,-1.456458532296713,-0.05185790654512192,-1.6804070845212211
6,1.62626257592361,2.0616115941501527,-0.1238472202125047
6,2.6294009137054184,2.3177889205559103,0.29689473713450687
6,-1.0525589309773837,3.613054729140981,-2.9004422068874782
6,1.6876840778351045,2.642827492781884,-0.5887559307955297
6,0.4738608842584292,0.3906422285736578,-1.5482293097484945
6,2.3510420474252953,2.659432658588478,-1.057514201165866
6,2.5546515235424465,4.422772211616164,-0.4187279822182128
6,0.8640219892744634,2.5330602236219617,-0.178731689513368
6,2.8177565283565276,2.1895959233144775,-1.1437801473419646
6,-0.12541135527685537,2.2041698905152622,-2.094754336753169
6,2.374809323241749,3.3572113566827833,0.1455761189356734
6,1.643505432592491,0.27525506931040145,0.02182142710722583
6,-0.04786344209794691,1.760217281904411,-2.2796050413648112
6,-0.24707900077187517,1.5277615065404873,-0.7118758798084313
6,0.046618502249493377,0.2510863732025354,-4.811243410637202
6,1.5046938867301063,2.0762656277038696,0.710824250971436
6,1.6443743711086105,4.4712425031005605,-1.2115163907247988
6,3.288478116245871,1.889668091042233,0.13074070288332584
6,-0.42730977011317284,2.5519919473261035,-0.4915226966232422
6,0.9327975527371659,2.4456484199874975,-0.7963364603606612
6,0.8436128213669511,2.646247872753308,-0.3302419948057527
6,-0.8536813591212887,3.4810893040462547,-2.583490521849342
6,1.5678190134771681,3.1345435416240344,-3.6966841990799217
6,0.26365161421231864,2.65673848115806,-1.1162682476012389
6,-0.6966540235195238,1.579903917867668,-0.6011802902980967
6,1.4073048573041533,1.893278102142403,-0.8494887226434702
6,0.2506584621046769,1.2189715235549552,-1.2497566809219447
6,1.2919687401143782,2.6859863677468434,-0.09168012381692936
6,0.5535782910590659,0.04193744743004844,-1.104168494455314
6,-0.8273035864424025,0.2481457339162901,-0.02171480257726045
6,0.09970699674036992,1.7004905753083608,-1.7840990184114929
6,-1.2076757124841822,1.8313652205294062,-5.730546064359102
6,0.2393425430188429,1.405045668210142,-2.7756482459155456
6,-0.3476002064289745,2.675562465918877,-1.282484807302233
6,1.2435767141020282,2.547204517128225,-2.0135733743122395
6,-0.34375645020047596,1.3793109591103156,-0.6730456313482909
6,2.6161218276445766,6.02136757249573,0.5025248024838405
6,1.9213415442237065,2.9603202281654744,-1.0128836946193749
6,2.4648071867200776,3.197637042801293,1.3877647665181385
6,-0.4138827527343899,3.987741711981428,-3.5297999758987606
6,1.5126270319414226,7.038326075220129,-2.2628095661726477
6,2.6671789362141833,2.7067354613234014,-0.6832886649997917
6,1.0956805541770456,1.5865774816170135,-0.4037052945037371
6,-0.23689410655365262,1.6176069117323475,-0.7266457171603112
6,2.1057099563992505,5.021951400576362,0.6402672592606987
6,1.8281755505208195,3.240393102438562,0.635789726879941
6,1.3180494542749144,5.773919198276584,-3.755531899521821
6,0.4491058987912113,1.7105114738804563,-1.2226748873762698
6,0.45193731622153555,4.1002620268242165,-5.843691838856902
6,-0.1834277546945369,2.7813109939540945,-3.786952818102136
6,-0.8601291327054283,2.2819653962362203,-3.4676005106972987
6,-1.3775172118495447,-0.5148424584808973,-0.9108507766020758
6,1.9051245966595598,0.3646597007233544,-1.1220728169272174
6,0.3551730421484367,2.2943348009211393,-1.003263484747723
6,-0.06372911977159645,2.902296447579195,-1.5428482035186017
6,1.11899753575258,1.469201657350436,-0.9326341963855739
6,0.3994367943321544,4.082927735205359,-0.648945588579476
6,-1.8973096156947067,1.9699779613259314,-2.770647989567357
6,1.5593047395261792,3.6214134860017206,-3.8556022956051894
6,-0.7223439542078838,1.2455124224429384,-3.2214632317860965
6,1.0004515967544656,0.8209749181557673,-0.8001517828206689
6,0.5817902604163204,1.3711351847359803,-2.8121918624817144
6,3.030529747186013,7.626553852726193,-2.217381057574667
6,-1.3830034852229307,2.706330109616273,-2.1512658370821596
6,1.714959470204132,2.5012511715317163,-1.6107087890646572
6,1.6834615096362766,1.136417590229922,-1.715882606189585
6,1.0178661254417227,1.5094134122277367,-1.0544158266239396
6,-0.37145647811715643,2.5850156913990197,-1.967635031694572
6,1.0671679040922906,0.24869836743356158,-2.7996551846098305
6,1.3775672556227452,0.7337917406841667,-0.198547487270178
6,-1.8341083933287252,0.4305673796125051,1.523385225224367
6,0.32896262048771113,2.173312249318076,-3.3877017777221714
6,0.4617918257604414,1.7356985980025834,-0.4245302592106501
6,2.1390799038584243,3.6754764213769753,0.6848009915548946
6,-0.30707835751211887,3.303813957195787,-1.472250320206329
6,3.682095818821441,1.7779074901488106,-1.1120833484284325
6,1.4096345849576495,1.7218070797540852,-0.7977268706657303
6,-3.7822447529958825,0.1671191485136262,-7.254221755373321
6,-0.6447959032806869,1.4675490316113966,-4.750760069819235
6,-0.8277080962010342,2.3003785172100755,-1.1411448856133866
6,-1.7073148371564575,1.5358457454881635,-5.870100781430561
6,2.791007291527626,0.8989498074262482,-0.6517230824300454
6,4.75660813240887,8.36046563224038,-1.9844245204300934
6,-0.8794867623415185,0.9626682021566234,1.0518454336799379
6,2.8216194822431113,2.3613184941887697,-2.3630549606148197
6,1.0300890259266686,3.8838351799084267,-0.6905620401729041
6,-0.4830015206066588,2.407545958745533,-1.9955736740750933
6,-0.2689802635892041,1.8709421877116497,-1.8767844580239812
6,-0.4216134874331202,2.3594318688910647,-2.3931617962009653
6,0.7853103111601807,7.073357246760554,-0.735632837511773
6,4.406499127597152,3.2461967959298854,0.5261559797559828
6,0.6767405741055464,2.407621916768005,-0.6078425122922891
6,1.3779077865947684,2.7760153649453834,-2.8713340627344643
6,3.3287117008353997,4.402600126268447,0.476484492700613
6,1.7334928901176554,1.3375858688291196,-1.2538096076273992
6,2.3030024581371564,6.425850799817004,-0.6569337059907031
6,3.610657207865931,3.3828391556699025,-0.5828803689886726
6,-0.07097304406309703,0.6428759154909488,-1.9732527126725012
6,1.2837994543543236,3.0900719097297014,-1.9000237432667146
6,0.10186256603412952,2.2785905687258006,-3.4377728142838926
6,1.7882002611611663,2.6324157466350946,0.10970004063684301
6,0.05135923572878526,2.0479196245216813,-2.7766823847358957
6,0.2215694677714088,1.2790735495025194,-0.7603107011583246
6,-0.19143506639704566,0.595533835941016,-0.08721845092022873
6,-0.28087640273113873,4.611909885244905,-5.415855680185521
6,0.8033496956593391,1.564016190847277,0.10554849881426792
6,0.7648304121494389,4.988567514588069,-2.0816739042758123
6,1.29537891670801,0.12926508541027049,-1.0322431225142414
6,0.5629920166121158,3.8128988398703707,-1.764911383064735
6,1.8480231194942436,1.7476803436453454,-2.756511772591921
6,1.1024028834068549,2.7642686743227194,-2.8402606520603237
6,1.6728874841191645,0.9129374912836308,0.04094484927650878
6,2.1793791820514237,1.503798452536547,0.197081228103292
6,2.4352421730291662,0.6216607697667431,0.3954513455138586
6,0.48713062330169543,4.559319245274848,-1.0711114447446333
6,0.2270993951776057,2.6031776851314623,-4.908786133967215
6,2.768412394951947,4.670788246568809,1.2708462911094132
6,0.3866559910697691,2.6439832528350955,-2.703402443117116
6,-0.6609005800419154,4.598815436750248,-2.4214479075265647
6,1.363761954274864,2.454825979993756,-0.38699948988367416
6,2.592608482747793,2.867901952334572,-2.743957491527907
6,-0.6338028425736396,2.833269450035729,-1.4650091215293999
6,1.2663696481972446,1.3080938150233696,-0.666361395589795
6,0.6267394892638378,1.4725134540145455,0.5576991199353454
6,-1.0623247252489114,2.6681713783136063,-1.87165656850872
6,1.5528185340665654,2.3949872095953904,-1.3775282959135782
6,0.3079483766390928,2.552801116138569,-2.5195106226791704
6,0.13329732717733755,1.0108595004751901,0.5138646829848531
6,-0.8329517843446168,0.8762906673124627,-2.426897843384357
6,0.5746238899929257,0.8546134606160639,-2.570287011313089
6,1.4208898636789427,2.9679925861699403,-2.2076324153554205
6,0.11239260839868673,1.5265071576009184,-1.7036044049430372
6,1.3254212104590253,2.766473868031657,-1.0163474672307211
6,1.1602126131315555,2.811750500837945,-0.5451358789807216
6,0.683794538405547,3.9056039200009645,-0.796407680024412
6,-0.2167068098325433,3.376990494594685,-1.0741048445319672
6,0.1747422880666258,1.1483274298074968,-1.3012906023701003
6,0.8580225882317566,1.8692999250939455,-0.29707034214387446
6,-1.0809072786687766,2.1829037223415306,-3.9269030788010224
6,0.875806321648466,1.1424108410720974,0.09263443669084855
6,0.05989647655820477,1.2622086774514705,-2.0600482886557274
7,1.1294955535793934,1.4492010827998214,-3.0351854025906664
7,1.9207320370532872,1.0213748214398641,-0.46897845239047087
7,0.5933462142505694,1.556593228059884,-2.144327256574849
7,4.501630307091668,7.776512187914876,-2.382195400563059
7,1.3835082611983198,3.4175943261650015,-1.2015343754529937
7,0.741734125543202,1.472767543306673,-3.0785690855629975
7,2.3976843617657075,2.0347026420133303,-1.0596758899433065
7,3.685544208798211,1.358122821312753,-1.2353833483835603
7,1.5543042460641887,2.581167538777103,-1.4145417083773177
7,2.4256782419823284,2.114876454892538,-1.870890844728583
7,4.525757691085355,3.737442831856907,0.15745397710334497
7,-1.423674888288715,1.926743285227912,-6.555155961225439
7,0.7235960645467163,1.7669732886553922,-2.7706931696199284
7,1.0248969956172964,0.2747586338448181,-3.7112722453248983
7,5.871328373997534,3.6090051500995632,0.5633663094412623
7,2.981044539083982,2.2967704744971673,-1.0911380897253466
7,3.707544027833681,5.008491334628608,-2.4219366654884915
7,1.447005744799313,0.04988768411031935,-1.0737174786653763
7,3.082753656075686,2.3512093641698604,-0.45038093524074013
7,6.7530357495297855,5.56915850181303,-0.21097514733475592
7,4.942822887858268,1.7428401675009348,-0.50426371668457
7,3.954073795059167,1.2955427095087935,0.3335681154996458
7,2.843518764238296,1.9835976170738914,-1.6373418518776237
7,3.0919060784616486,3.184668887029552,-1.5427845728125682
7,2.6341146220343417,2.301783187739191,-0.445272993270304
7,7.105653595107538,8.348655650800048,-0.20202197144194184
7,3.0364578425952033,2.0749697649032597,-0.965291550878507
7,3.152988672555594,1.1649730774454123,-0.6246194613180774
7,5.354236232334268,6.082219866835018,-2.0881461158628727
7,3.4673045766288024,3.8934752192757243,-2.051011078835864
7,2.9167511057204725,1.2204669268610489,0.011918220155106426
7,1.4372327687572033,0.5820049880088374,-2.245235720555283
7,3.53394074869983,2.0335876739145036,-0.6220454927132715
7,3.499117475170952,1.7002226778590357,-0.1349342741944099
7,2.0549270740660512,3.011332142858656,-3.125901163227694
7,4.878632257366435,2.0722449336347357,-0.4254136925393724
7,3.0568084205306962,1.3108365054264937,-1.9093590340665314
7,3.291349657468451,2.1029497148002356,-1.5674003419457443
7,-0.5414056566458181,2.7205125959669547,-4.8498131759081256
7,5.112436538151561,4.037916775788584,-0.8631546159591371
7,1.5456034608188218,2.190135211853726,-2.9890529587831334
7,0.31736606737176176,1.3416258939126722,-0.7092257635032734
7,0.6590654301130976,0.27895736221951645,-1.3630621695135916
7,2.418791767294167,1.2587179396044839,-1.3336236874715046
7,3.5954513685292704,2.50885052917911,0.016858547985071446
7,1.3435303317288754,1.877027542705117,-1.954434296160002
7,0.06673341734872852,1.7810249735453416,-5.066988246019653
7,3.99019631873593,3.973384314608749,-0.9819952624170121
7,2.212472368739896,1.386030191268571,-0.8940913393041422
7,-0.4121167490334483,1.199875230061866,-2.6719985107502415
7,1.969581761227761,1.5119183819363209,-0.744428088081012
7,2.2543625328374066,1.5859773599229825,-1.2396443166807478
7,2.408103278139441,1.5950172024233924,-2.3631359116628547
7,3.3834616824152612,2.1526093601414327,-1.0002992533973891
7,3.3367107202835378,2.5681422390231177,-2.1992558634688932
7,2.957063402558827,0.3248817600766363,-0.7683722759490004
7,4.506941951638647,3.2956501462979824,0.14235828119600594
7,2.25587137856163,2.147179034290853,-1.039736810693969
7,0.013013543730802268,0.4679607150412377,-3.188585709356771
7,2.4419635259207837,3.228748256757333,-1.5029339646087987
7,2.6860325474462607,4.222013546813586,-1.7652638341662006
7,12.42602972065851,13.795567673825065,0.29128257611962105
7,3.4396857206891966,2.466898687549076,-0.7536958328957998
7,4.612874608808685,1.6337467067513716,1.2520612698457625
7,4.5298966150855255,2.5225391838979543,-0.4683596372836738
7,2.6184959237807877,1.9486244145497127,-2.745606962640613
7,2.030437812916377,0.22951223393734993,-0.6656443272552569
7,1.0501863065282913,0.4878602303351486,-2.58490943540357
7,3.247745967135652,1.3202208318532604,-0.7481253709378979
7,3.6104371743653827,1.1327635755141454,-1.3002402750665405
7,7.288290234697399,6.064898800002636,-1.3130265306738094
7,2.46236096263091,-0.12850013497928323,-1.566580934657743
7,2.5034622776722735,0.7815180499822519,0.7944201662890373
7,4.40216063164206,1.1272573869051685,0.7941124939956794
7,7.293973904211929,10.045596108123679,-3.6338670786380134
7,3.50956636775369,1.2728678039062662,-0.7612268129456609
7,4.5863736853312815,1.551752625407775,0.37184853860175454
7,4.167139451366773,2.0403561034314057,0.15229618583414434
7,3.4879157038356476,3.2888425550640075,-1.5768720413808055
7,5.437402906442625,2.7050730856118235,0.7148553193272362
7,5.784874969666664,6.549967596399867,-1.0003621460270906
7,3.111328150793126,0.9864150141846799,-0.9321719106049952
7,3.1842859551636424,1.9263305128329518,-1.5064531298683992
7,1.897889501999866,1.2377506951639368,-2.676198286405861
7,4.0610336309491135,3.96883006181584,-1.2970132509902235
7,2.0818779064147357,1.7432706237442814,-5.094588370726281
7,4.208576533708532,6.2742618241882315,-2.580850994732538
7,5.667615076325693,3.874232696287171,-0.9458933483486467
7,2.9196486482248334,0.5457295804217994,-0.5608988059918988
7,4.000927417538851,4.703714615301746,-0.018191210412386635
7,2.728042821140165,2.572347140560732,-0.9480113391440281
7,0.546906898341517,1.053004665174537,-4.519291011235076
7,3.7933779325166683,3.6471293633782507,-2.1771006156997696
7,3.760997591146376,2.6517606166967016,-0.19958051378865221
7,5.881991474376023,3.071995726604377,0.36865014873182445
7,6.078068145716958,6.301680801764405,-0.16363057754264512
7,5.200178800261941,3.4147329121174304,-0.757633556433483
7,2.4450107214054198,1.094810417919368,-0.6385357753187824
7,8.983884738422422,7.711930969827684,0.6872064239638865
7,-1.338690871706345,2.1419675641147724,-4.3793495425972475
7,2.851729222403896,1.0423354538437526,-0.00668033862818931
7,2.110105225859863,0.8756516798769394,-0.7494718591666879
7,3.770610712835393,4.634944511703184,-2.4694919085547333
7,4.5148196277309225,4.17404826294478,-0.19914836595836888
7,0.12230016761714879,-0.6386395996589798,-3.5052980345895683
7,4.935789123681584,5.597220179169724,-0.7843295955457381
7,3.3911273367460764,1.8263893890729306,-0.756406399375135
7,4.285378922151445,2.9378677848929997,-0.8755154065027103
7,2.5682256254700464,3.368307371226603,-1.8948004896312411
7,1.750058334939034,0.9672243229227285,-0.7984455935654333
7,5.570430312919164,5.570769565124868,-2.604620610540085
7,6.431833302808666,6.154140863055605,-2.693118297829954
7,1.6927137141812205,1.1450094529044803,-1.6060843055488068
7,0.7867416358872676,2.8635809711750215,-4.716766549017739
7,0.6041919629820287,1.4607873628325654,-1.545704191527348
7,4.248116968883063,2.651911847829534,0.18948979525022042
7,2.4937608774433784,2.4694273853782898,-0.4722622681152025
7,2.901756331275728,1.345520266802695,-1.3209520889408086
7,5.929515603598465,4.82311432858747,0.8240057851838541
7,5.577353113295525,3.7198445728983223,0.40050481880654293
7,3.410747120475375,2.647380502263337,-0.08264151903489655
7,0.38848142878325964,1.6733810225008054,-2.021558942350389
7,8.530227596799168,8.042428911755037,0.4300718239931356
7,2.698284549668758,2.8902656966907996,-1.6465047659840428
7,1.0000879659775628,0.3686121686817264,-2.9899791573897985
7,2.9328271656589817,2.124036476584244,-0.8707401231375995
7,1.90965682972731,2.3238174955505437,-1.5496208314236268
7,2.794614984549205,2.8604869313671566,-1.2781217356250876
7,2.2735425899202255,2.586878121156481,-1.8357688737620463
7,2.7253098058766465,1.8153815485284412,-1.3213259275174085
7,0.7429145202686476,0.748976026968159,-3.0964136973687113
7,3.483790323879665,2.098750088866818,-1.1237366594139626
7,0.8317669920558415,0.8004463581058309,-2.589515062118131
7,4.396933025356406,1.6706464370295036,-0.7398499904520773
7,2.8607609522932584,2.6151786628859854,-1.4124316939294923
7,1.7834763734093648,1.1224019512465677,-1.334196501392236
7,4.262645176418581,1.8318358869138045,-0.33658462403035466
7,1.9215562937355875,2.4244740038873465,-2.659388463372672
7,2.3659978232470227,3.0710965766289653,-0.4906120851068901
7,5.066366754423462,5.718199230518038,-0.1305312252423699
7,2.0203991372029813,0.5856571736653492,-0.1041475534953623
7,4.797567337353382,2.953196555508412,0.9109926188247047
7,2.8620421012733774,2.4934267337208627,-1.0339405950029974
7,3.07946621021491,2.6703339366711467,-2.373435067133454
7,1.914359045354256,2.5140848407042293,-0.5913481052894398
7,0.2807275852788501,0.787624094183026,-4.0302168239658736
7,3.158264746599582,0.5872062305442675,0.1456462780013448
7,2.1453651771528133,1.972776917662897,-1.5512478036368313
7,5.217656528083507,6.258433952453732,-0.32028450480243054
7,2.2485227672782298,2.1820863146271723,-1.402803501382131
8,-0.8452474717977423,1.732910478610368,-5.712465929930707
8,1.6245850272171414,1.6600273535698982,-0.66694037143791
8,-0.16186374959202804,2.321556747856875,-1.4643127400533156
8,1.6764951833848487,1.186179679169113,-0.03944743062468646
8,-0.19467999587203463,3.0515042966127144,-4.479713866430563
8,1.3909606827311372,3.349467622918467,-2.55721202024671
8,0.050201513370019046,1.5816647747385038,-2.4299088551479215
8,-0.2077768793001469,3.510363116847376,0.15997207524825266
8,0.13050172362404347,2.6892984547881715,-1.8739311756577854
8,1.9028466999472036,2.666059535308083,-0.09377994596130923
8,-0.9792897381372896,3.87614142110891,-2.4008377972122728
8,-0.9520760295990323,2.2179205813689706,-1.4060507879867044
8,2.147827005061703,3.4555540901713173,0.3633318942368232
8,0.7486227623895575,3.191220380126804,-1.1015265334216364
8,-1.8533831601377466,1.4266470438075554,1.3891521698081228
8,1.6151824164057433,0.834625309849757,-0.019572397283309347
8,1.1436983655279822,2.814090046229847,0.4365129005227768
8,-1.4631011097864393,3.214311931914414,-3.002915317506999
8,-0.630716917002603,2.5665919201231153,-0.5787952858055087
8,1.4225189642132572,6.378984645570106,-3.750086335211791
8,0.5652026839799205,2.3200878069036492,-0.5428129827206604
8,0.974856771788549,1.2641570834408036,0.29254053055473717
8,-0.6301381076954281,1.0453616818905294,-1.5760014955501824
8,0.05619390707452519,2.9807131757142997,-1.7380679231160467
8,0.5095793771606957,1.692658211216067,-3.259685939595836
8,0.4790161318591796,1.4916342961789457,-0.4377762769954135
8,-0.4526756692712383,2.1856889216249997,0.4479534105985021
8,0.31362238841860446,1.2630536080166546,-1.2600883526253277
8,-0.4158829822452816,1.7196258024737754,-9.843039595429966
8,0.7354281109212316,1.0753733735339073,0.22914624185668087
8,-1.7257738868640606,4.8821100991438415,0.1352219384026341
8,-0.5178159326912334,2.415534844051299,-0.3334897333301141
8,0.46653749289831103,4.381467788825572,-1.036731394316873
8,0.32823577880746435,0.40621390552509695,-1.2603639854414317
8,-0.4876422662717916,3.0451821540737445,-0.7324311240011648
8,1.1304887761085018,0.6517397953797582,-1.8118756161397516
8,-0.23123959383391263,0.8584035732083561,0.8220986123517746
8,0.7129980407089813,2.8125103152660764,-1.4820771462726576
8,-0.10069751304531001,2.3341975943195137,-5.3730858026547725
8,1.049397877056204,0.2521730366630255,-0.4803239649530022
8,0.7035753202884141,3.9178829959052983,-2.5372356523541817
8,-0.7071430747385626,-0.3054635898438469,-0.1904904703737159
8,-0.6017714244746053,3.19099956934324,-6.104763049160673
8,-1.3025796695421958,8.96285677905918,-5.141447556890713
8,0.836352984565401,1.2161445895677885,-1.2978008646837338
8,0.6779988861490379,3.171118683024687,-1.9404542599551673
8,0.14460599617697145,2.7375622474909767,-3.9252514932143514
8,-1.697253221188541,3.5742079219498466,-3.5877647378918347
8,-0.9880266607247389,2.726596589032739,-1.493847185785135
8,-0.11568439090408902,1.546546695074445,0.7423845001459141
8,-0.9208637380613687,4.039338954085809,-1.6132314913716526
8,-0.2595625603124546,4.546683481965289,0.4621490224561316
8,1.7380383148527998,1.065169516338338,-0.5794846436894349
8,0.487547047475976,1.0958172637654557,-0.8851112341166395
8,-1.4567132785889005,1.806667215108057,0.12779337938489974
8,-1.3653152851307322,1.8092499181121973,-1.2031319313966604
8,1.1785557125966368,0.8915719264656274,0.9426361151170924
8,0.9101251382393709,1.648366413825005,-0.19317518376321818
8,-0.39187657587041236,0.5571073709828779,-0.5355128287072839
8,0.22289818895254943,2.8465521201814803,-1.3375459500252307
8,0.7108336078658759,1.3564230305744622,-0.42731494802043074
8,-2.8118101552797463,2.2277885649763185,-2.1970635281509656
8,0.666550724111128,2.947185810657018,-3.00620154691954
8,2.2581447707223465,2.4293254365059282,-9.329943578234175
8,-0.43357303041094375,4.041413566897175,0.3234354503722691
8,0.38968230215698363,2.6884806673710333,-0.575027609515407
8,-0.6985623020620697,2.403457859617727,-2.1872704103475598
8,-1.0710214237283302,2.334792660538219,-4.444184595409623
8,2.204839839260933,3.1644162231150874,-0.5869181680440981
8,-1.6950704864611816,-0.005657563982405063,-3.344495801335213
8,1.297288172161097,1.317169425235717,-1.4051128149257932
8,0.05468406591586683,0.5632515397919923,1.6794832216394213
8,-0.983742904030913,3.5204825195795646,-7.5047892375243
8,0.6907602897343506,2.0141785334133906,-1.8469236064643555
8,-2.933354360328641,1.240040425645891,-1.3563380948829404
8,0.9420655995675975,4.640989711531691,-1.64274076686987
8,1.63177666382506,1.7004652787014727,-2.4416004150246273
8,-0.41296201336486027,1.2376756201250365,-1.061562935282281
8,-0.5503591956511085,2.1691818475447864,-2.7503661849241015
8,-1.2428683959425304,0.5315410724118748,0.28544414028899073
8,0.8912391428163982,2.8173007869112845,-1.5373438880162162
8,0.46959530058837473,2.0884968244840114,-0.1960799400734638
8,0.014843121986819113,1.6254269097360652,-2.4976028345086565
8,-0.5606765784604293,0.8628929085378735,-1.1363411071440226
8,0.026894715751021356,1.099382543183974,-0.7044296403589471
8,0.3996948435074522,1.2237020367448836,-0.6016148800683637
8,-1.810149880380592,1.6455049872306844,-1.4465992467692543
8,-1.5752812429390124,3.326512158052745,-3.752481562767699
8,-1.639217325550681,3.8013475837732478,-1.94089388530024
8,0.154583007818911,2.5486680671234585,-1.354289939111069
8,-0.4794061211538063,2.166985767814903,-4.533209207094851
8,0.7314153447873589,1.6117979550631758,-0.2732633636993212
8,-0.2180912533122101,1.4561378865606824,0.6457395706407119
8,0.36848708609140846,2.9049857210627885,1.0463438757087096
8,0.7480755372864144,3.950851864389569,-0.6503117620258919
8,-0.06185237295026612,1.4603354134258455,-1.1454285710871668
8,-0.7278478371843653,1.8032988015746363,-0.9327281889529717
8,0.7146325655163845,4.772707763939805,-1.9435596060323175
8,-0.9744510089037088,1.6369295930220176,-0.6487595687895811
8,1.6169638107650428,4.438291535458016,-1.6930120689980288
8,1.3918391619832737,1.4844311294717178,-4.200812099621229
8,0.4439069401332151,0.9156053018417347,2.465553267963249
8,1.633775239810832,5.342123167534655,-1.7452699265447345
8,-1.1399882803274766,2.1523176778841075,-3.2880745513443688
8,-0.11884269950893145,3.8204425194538385,-0.5848527921284489
8,-0.990280509944584,3.03834959585567,-0.6688174108109163
8,-1.6123771674710128,1.7313703401352392,-0.8941264744483987
8,-0.23641227285612196,2.4740067202783234,-0.8150895071735623
8,1.8736975973657728,0.9888895832890017,-2.1120706468346446
8,0.5790395669146017,0.9231802042391758,-0.3485840412879691
8,0.29441075054514976,2.0229923251924706,0.3374523851641972
8,-1.6418703912748458,1.3925987828392172,-1.4073186224661827
8,0.4313475219723746,3.30724549559547,-0.9143074273747505
8,-1.2240168622153855,3.5833658615831228,-1.7380844336045103
8,0.9241164505442351,3.882882105135106,-3.7429589681267252
8,2.308641209824432,-0.017447417888688775,-0.035982153782877065
8,0.29901948028967007,2.3046542314449487,-0.8679179009442304
8,-1.2359557534600785,4.1528338543259515,1.9820381183127884
8,-1.2833303191616376,1.39351238039882,-2.119233806070419
8,-2.155264320700831,4.597483260745589,0.8961672155764403
8,0.9747088081294641,4.756221131846731,-1.4646922583036353
8,0.6088108567395069,4.168906140560125,-1.431706291650457
8,0.5719617837031941,0.8007609139552406,-1.3612744372945342
8,1.583547130443714,3.4078832771682164,-0.992913237952174
8,-1.7039908816523046,2.0588256635393107,-0.5763109590580467
8,1.4678584580939793,1.9335074115765236,-0.5539067817729296
8,2.5677395862733707,2.011450754864781,-0.5051125078792212
8,0.7643442548562205,1.9217543037906815,-1.8255979427602158
8,-1.9067027122080964,0.19982994260785164,-0.9599352588661885
8,0.1852344662308695,0.9182673667846234,-0.22771130039169385
8,-0.4356376626897845,6.153005195025397,0.13500904537139835
8,0.7121855688655216,1.5119854842372054,-0.47796683385438155
8,0.9470028517260121,2.470957914581878,-0.20043202496308685
8,-0.8799094954100612,2.6407821785140304,-0.3803637470084881
8,-0.262504807107525,2.767954894418959,-0.29984648365055544
8,0.19374203003251,2.1894141068871504,-3.9249270959751343
8,-0.5017686936169231,0.8509324431313359,-1.5962595330776197
8,0.40348863056281636,3.9302373748688404,-0.8161031168035697
8,0.4116349704628417,5.059949358099161,-2.675862723676426
8,-0.322226381971253,-0.27274495339274557,-2.0820947331337796
8,0.4631303345775346,3.337108292677169,-0.8166689372623509
8,0.8544932788105888,5.14179126919788,-3.5924889532611584
8,-0.4796322009251312,4.737287771661343,-0.6159898926517018
8,0.7907236276610232,2.022074600743793,-0.5006599181077017
8,1.795658816375434,1.6188532257341903,-2.107693948456905
8,0.47999846702064275,1.428758466463388,1.0949141662573525
8,0.6764873246253766,1.5277687753052183,-0.9967291174767888
8,-1.1427079401827236,6.6437470031557675,-0.41867685355740913
8,-0.8914503019795977,0.9470888287122902,-0.28383475031629685
8,1.7020573422275964,2.144183961436751,-0.19615273310248166
9,5.376896649309428,2.7753052424188036,-1.2466547665746983
9,-3.582826264957892,0.8689331062575247,-2.543774199985771
9,19.809898819287454,5.605404460928086,-0.27661545404050414
9,12.361432157221088,3.8491345679087967,-0.6399736909584073
9,9.840122715711846,2.970905198733002,-0.5095260915916132
9,10.53663607494986,2.8856905185185937,-0.3336408299391093
9,2.9181916921574764,0.935252032568798,-0.48043634858673523
9,6.433201682521234,2.4130014663709574,-0.8317886242217716
9,5.786688597487593,2.685799805587039,-0.8368713656860449
9,8.024085996853476,2.180732194733122,0.3393742124296397
9,2.633099434447348,1.617014423295154,-1.1803091387257933
9,3.3616513763365017,1.3280455666287447,-0.9865301585906547
9,3.8571639681142287,2.757860592455805,-1.8242283545796738
9,0.01661640184418811,0.8036812146202994,-1.4308297561690455
9,11.149805511417414,4.396180069150672,-1.5838070989445319
9,7.866581369837336,3.97364180720185,-1.9721016975048349
9,-10.233055630762113,-0.23346465290516932,-2.8592295250365547
9,-3.1012151127699097,0.5626916948228832,-1.6212139897848161
9,-4.611560758552992,0.9540561114694988,-2.1647202570341046
9,2.9409291805804934,0.46957894448735443,0.41077359862140783
9,-2.9524456533808667,2.7874545199919227,-3.8068560340285873
9,-8.149551150549117,0.990188135313491,-4.021741613644815
9,-5.1408896290600925,-0.1192877518217597,-1.4472879410293833
9,0.1474776363352277,1.3437007787291284,-1.8396399529013525
9,1.3579513274399866,1.2105387499410551,-0.6628266578340143
9,15.33749771481317,4.098351604102488,-0.49270545538441973
9,-1.587715250535017,0.5882098989101882,-1.2191036471269288
9,15.227003443624994,6.6994232065550365,-2.147921505164949
9,17.091995438807174,5.5240076953433705,-0.5010046623488947
9,5.043028129826339,3.89169457619155,-2.504194617292473
9,-18.611356178439213,2.089214055123118,-7.736339261555368
9,4.5403722467511924,2.8470371630880944,-2.0589262738243543
9,1.8604327766267188,1.4315385251845647,-0.8474540632712464
9,-3.928612320416452,0.3577616156975697,-2.3648499828629927
9,-21.29851560010804,2.189104298422668,-9.246264654934901
9,-2.3525686388117686,0.03985879981518417,-1.0511317861233436
9,-4.874783827435544,2.3085926204309395,-3.812999422005471
9,2.2521807959036453,1.1242624527750582,-0.8570712243721936
9,9.268071597311877,3.423826010098733,-0.5557620239945169
9,48.93833734288839,14.046711003809351,0.8011694556182204
9,-2.713266114654156,1.4380873410283488,-2.471219410929383
9,0.3438203178600304,2.0694155453267786,-2.006631237788571
9,7.966659189434993,3.2647308833397104,-0.8437148653255836
9,0.9517923098693493,0.9502284692754673,-0.9328423411265483
9,-1.2004711992714148,1.785144084442509,-2.293493492848112
9,13.300081076887649,4.5928543833563,-0.10372645981977413
9,3.4930655309428134,2.5313985582875675,-1.3280930627620895
9,10.87461662399868,2.834257954405462,-0.011496483931314297
9,-1.469392628142772,4.40362634692611,-5.4844198490521645
9,22.741415246225667,7.840727370624941,-1.0551202200256766
9,3.122706130480774,2.0649600755947226,-1.1608952754846198
9,3.6563451008045003,3.0349734829638244,-1.7046510278282418
9,4.1480998330877155,2.206383582398868,-1.3709486448782233
9,7.367980405379318,2.6987045937907337,-0.8568573671690289
9,6.024151581722807,3.020884142845646,-1.6363856713935598
9,6.7565659920296035,1.9023645424127187,0.4166544682144023
9,-10.313915214339893,0.699418600032042,-3.9067629978871037
9,7.330859947836301,3.893534251683177,-1.361747577623243
9,2.614604639385367,2.2564809880210923,-1.543366842101243
9,8.709641167634338,1.7527369534846002,0.7884738169445553
9,15.9918492088831,1.7844300381584222,2.458852589333282
9,7.545590881282165,1.9315773421369067,-0.4715537666670701
9,0.6812305203690143,1.441137015743948,-2.108421346815026
9,31.77869587611215,8.734874059575382,0.23006340661277888
9,3.412578249075491,2.120661847868846,-1.6836669385199379
9,2.9387380491038066,2.7265685275161697,-2.0033476103777517
9,13.19088492934808,3.9424510653870564,0.17454985641531953
9,28.957784011028647,8.987926925994627,-0.6601592556745802
9,5.905245305482378,3.0413457725436914,-1.8808446938814718
9,-0.9572000343982292,2.680703719570484,-3.648366975476555
9,14.462610299203522,5.077534775210432,-1.0328573012792186
9,13.424485269359018,3.651001214627821,0.4203180677348769
9,15.274654373225598,5.3418923848036775,-0.6977143153283909
9,12.15307106567768,3.672335185921413,-0.10800047757978717
9,1.2465166771579341,1.3534956169772792,-0.8570253556184273
9,11.911357434460495,2.6899703416218075,0.26128201237796744
9,9.095844874661145,2.8642146255135827,-0.0853539027678869
9,5.626616404237038,3.330731810005326,-1.8333546408266663
9,3.4233849136194396,1.7638905671860938,-0.9153564594546194
9,2.1833387066497947,1.3221397097059433,-1.5673534798759678
9,6.137409265402284,1.999798689280956,-0.31430285220479814
9,6.271538241846073,2.653210476007676,-0.6640453389857629
9,9.87139066149926,4.057100324580054,-1.0780531556673447
9,-5.280868552503473,-0.19973717205919236,-1.7042047069762547
9,4.980778965188808,1.418659186160176,-0.04359487919631636
9,4.158290278551293,1.4867284260553926,-0.38654582924527703
9,-15.767291362600435,3.1832712237723237,-8.541551623535975
9,0.2611005802563272,0.8548575682517521,-0.7977270862878412
9,-4.568082856749214,0.006256164797201741,-1.985892531583446
9,7.021308960344978,1.7229013155946304,0.15463568447550685
9,3.7461266843380168,2.578177754182157,-1.5677021121525743
9,7.339893075444747,4.77324105324247,-2.8565568990831407
9,2.202797103223991,1.1853550205184626,-0.5515255111355122
9,11.292452101181457,2.629209539966833,-0.046994918156357694
9,3.215904653409307,2.0274498335597846,-1.4634041396496391
9,9.367418754674686,2.70075330091656,0.25760161823849037
9,7.655853494912703,2.7686652333254185,-0.056651835349041814
9,-3.4364651849222496,0.8184881678851897,-2.4178907489844224
9,7.879938730827589,2.2436534243642168,-0.10412601045960403
9,-6.705076026268127,2.3239873636219954,-4.91194926638435
9,6.921157095265454,1.4586420794438404,0.15571530818079846
9,6.422611858432273,1.2359733899357577,-0.018548026638498215
9,3.24920488244494,1.6996131123359133,-1.2741349674769253
9,11.506367152655047,3.5394145899669183,0.05446125658181825
9,7.678071399887729,3.0338329282767544,-1.0383318611942844
9,8.255927502461622,2.230189967139304,0.009937847753441418
9,-2.3976664637803533,1.1072794019834657,-2.133781770276151
9,-11.573484054326798,1.7510667535913063,-5.471841251091645
9,1.2746971035015755,0.8071027972728301,-0.7917876682001471
9,-4.531026707400246,2.8261680914934724,-4.928802653421627
9,-32.45680962661609,2.6646863251602264,-13.363913731740377
9,-4.725062796831241,1.164320192093033,-3.030591204952354
9,12.26915776360586,3.0811691884346195,0.6693452155510035
9,-3.0383059223235236,0.9772743300913767,-1.8949291623837
9,1.1372679522036881,1.6819452352529374,-1.131114002516641
9,-1.8876967041432304,2.0957814891638153,-2.274144639893238
9,6.540460166715959,2.0196663647061492,-0.8914745476625995
9,-4.115131978936774,0.4237975016707688,-1.80852782298151
9,6.795227942650961,2.8712165895281827,-0.7063349603767518
9,5.241504024299609,2.4082918954561348,-1.421735033012918
9,-14.402472506012664,1.6883588402706615,-6.086201230373439
9,-3.6349121224216567,0.0030356898941179765,-1.2981885706721865
9,17.168867994990478,6.011128228160265,-1.1491306897483353
9,13.866293056816815,4.853047457239409,-0.6915510851884309
9,8.148760488369831,1.8484672941946387,0.29459086734126333
9,2.518523858599776,2.6491874881024864,-2.259434537344847
9,10.71063362313966,3.892303529495642,-0.6516614985384117
9,0.9204861824800248,2.4328597037656294,-2.136008754593022
9,4.52444211794156,2.0986069047133333,-1.3998652178584496
9,-6.757592733108904,0.26439627837300145,-2.1722729144338317
9,4.57748820646599,1.0467579336315274,0.734546726303521
9,9.892070038655925,4.495584192809863,-1.719047790399407
9,14.430366270165973,5.008852055258077,-1.0792830393460868
9,10.825897350797783,3.4135131535153884,-0.43016857328493346
9,-1.7101481045670766,1.5362955622352537,-2.0763694935003336
9,-3.686857256369076,0.1214297003098269,-0.984311479172131
9,7.0385108460414125,3.006817620791392,-1.3941823827647295
9,-0.10063077296703093,0.5011127129365098,-1.0359936899122915
9,2.485508868085987,3.4492554888911604,-2.8778650844466402
9,3.788174226851384,2.4543887836262095,-1.484643807690481
9,6.279652380552992,2.020102895885866,-0.5398439506867116
9,8.777704591147588,3.1457367369807345,-0.664928973182613
9,2.2312969810607166,1.1950778369061947,-0.6913568657422522
9,-14.60902601750422,0.8750959709519249,-5.814892608633877
9,-1.1861768995130242,0.48894389386285075,-1.1020640192895488
9,0.7543629897459492,1.4552183795830291,-1.7881709766578548
9,4.006739310147591,0.6954493843458793,-0.04367800109919123
9,4.830825597685575,4.565020285852387,-3.639563909527573
9,-1.8199389768135612,1.5138248631305553,-2.2641348504775087
9,17.545009897270546,3.287195427742172,1.82880170520863
10,1.1225670631243176,3.5748666650189977,-3.245941341780533
10,-0.15401694100076785,0.6826597188476411,-0.9113078344292314
10,1.2925428606898623,1.6938928774426072,-0.6851504078161622
10,-2.1572239281497527,1.6004868572681263,-2.3370830114199266
10,3.191257955439198,3.448820246187676,-1.498220254321594
10,-0.8404863021722626,3.772546799997991,-4.017532611619891
10,-15.809785070404713,2.113359946341609,-8.994584086185528
10,-0.0255101694134664,0.3903557525022249,-0.7155263792073105
10,3.5373107482664223,1.3058204758781085,0.2211077886950607
10,6.35974114566304,2.6741402389281177,-0.4982215616585202
10,14.66648856787496,4.808149927162937,0.8440042696509943
10,-2.1405312083896626,2.485193425879713,-3.399133543570829
10,20.746552683233613,9.1033420332076,-0.29051706467577953
10,5.031272256978267,3.7599729866896765,-1.643343848356513
10,2.7401122032312473,1.5055829900692759,-0.7756725607439574
10,4.35588060775323,2.3510532160770894,-0.7845544612374746
10,4.720370420010422,2.360487549040623,-0.20717341454387764
10,1.1675484719285447,2.1729081436440585,-0.8177874364652812
10,7.62537601444994,3.432405969259833,-0.06644124805080706
10,1.0691079322910335,1.7071506107442609,-0.4189574957706112
10,0.32979024006423074,1.4865603494262654,-0.8459061235132719
10,1.1391120282671936,1.7767719695461481,-1.1695334107543969
10,-0.5784689462152403,2.306742235166454,-2.270023951988481
10,-3.5992826103613513,0.6268714341727173,-1.7429139511464855
10,-1.7565131891749213,0.6042790580041699,-1.284462513855761
10,7.17910608941625,3.0854472299214484,-0.07201392671322127
10,-0.6186860080186447,0.6072320089117497,-0.11287074210849427
10,-0.5910455011313195,0.9662104530145268,-1.1823759373878773
10,0.6515297345340291,1.034591966660434,-1.171068879887222
10,7.669543402517894,2.5156461310235243,0.518812857621672
10,-0.030132121412298707,2.7429342755090564,-2.2019307041109926
10,1.3144167958558108,2.1600634204467752,-1.0499895211244827
10,0.8537930268036391,1.9494904104607937,-1.7572587820301024
10,8.991320368548584,7.048349235398667,-2.686529448751066
10,-2.4443606732078327,2.5875843681967616,-3.456790517097768
10,-4.238912793307776,0.027546276838799864,-1.4932225454668475
10,10.985209751294764,2.5220013999282265,1.4936301631950277
10,2.113238728918594,2.0337567960928684,-0.8725309164484166
10,1.8488787044161095,2.4779972627071953,-1.3973458154733647
10,6.274981858413516,3.1248183056221275,-0.9211754644269435
10,-1.923993739453459,1.1049743097881917,-1.5012929987878056
10,1.9699160278475978,1.1896359276967918,-0.3848827186141092
10,5.90480568314814,2.540502142857823,-0.24265671649907103
10,19.697691760035188,9.888732994557179,-1.7679180869014244
10,2.1545109791792623,2.2798643591179375,-1.136383032945881
10,-1.7675037622814678,0.7398105582933663,-1.732134600152372
10,5.017415095343071,2.655611109588486,-0.4610950968297978
10,2.6855290975337818,2.6444148587088514,-1.4245382673294271
10,0.8815044898762194,2.0805393335757763,-2.285873095387556
10,4.71808123628215,1.55860678448439,-0.5174727167220077
10,11.389538073456968,3.962579939131482,0.4534235899138814
10,0.21338520633790192,1.6058798943689985,-1.8463742024267626
10,-3.6855913665104465,3.288537890827056,-4.427445177667525
10,2.223013240026103,1.5783766400196877,-0.8990582097559585
10,5.898787844031143,4.609822489603393,-1.9573946333560415
10,7.44768170829667,3.2987026263671813,-0.3975260818454594
10,2.726442455647944,3.5356180174188228,-1.9320780480661337
10,1.8784434460564152,3.016115853039468,-2.074842817993454
10,2.9799627809478513,0.41745501736689994,1.1235935734990026
10,-1.4323554145461952,1.1114833895772025,-1.8395129823635192
10,4.989783173840847,1.877105413224639,-0.2900793252887085
10,7.190955254322342,2.7721403382656096,-0.35132571618560776
10,1.8296736338509998,2.1868537702912896,-1.7498301638021223
10,12.444171563181715,3.2640554031398175,1.9817692513121743
10,3.3147069023073454,2.808163496880669,-1.6972641173117706
10,-0.4703968578784521,2.3981275137910707,-2.090377552888915
10,7.1335389451125595,2.5166377164538893,0.22030393583816252
10,-30.77828575633866,2.1058941924276753,-14.041776057900831
10,5.979022502356081,3.131029184214292,-0.282375865479069
10,6.735907747604392,4.028658332730256,-1.2096984790350738
10,3.0082673957588275,1.9734382715156233,-0.1527894196938332
10,7.3059682149585985,2.7287456008115836,-0.24353702398224483
10,0.22054363340064032,2.327746017383724,-1.6442597442527016
10,1.670075756374567,2.359369990023877,-1.5132683294082736
10,3.971775962101984,2.4118938642925425,-0.3777761357802022
10,10.888673746056831,3.898460165410298,-0.09928889835708576
10,6.195575073886466,4.15151879544397,-1.8819348513177756
10,0.745124874540488,3.0256786851450572,-2.639946933417097
10,2.1939471427429442,2.1491715335813577,-1.5548256715834798
10,1.1647384663866753,1.8484763895519216,-1.673952782967177
10,4.211825907536338,3.2479074762777578,-1.7225888362956219
10,16.960012676177747,0.5256602440152979,6.295461037988738
10,8.197222555117586,3.5152685996012885,-0.45933271114449287
10,3.435479116413039,1.8151787828118686,-1.3289850064281368
10,-6.469938510887972,-0.7697889366998667,-1.386290936585152
10,-1.3531354994782774,1.9757422827760212,-2.503276521733461
10,-3.4212998450048477,-0.18085076089958108,-1.0481106067694073
10,1.5791525509331183,2.5520646436987984,-1.840019888105019
10,4.268274161388095,2.861226635484549,-1.1622973130184924
10,-9.514070745286896,1.6060172264357058,-5.950158437468618
10,-11.191124027973927,2.0402614470437372,-6.8382634153192745
10,15.343720949795234,6.813446892273801,-0.007695697289636093
10,0.6184176847854244,1.4034915168365043,-0.5067341819054466
10,4.132825054182494,1.828918261917732,-0.5196997836509131
10,-0.7496372253418411,2.159410503862714,-2.5319373511460763
10,3.7819231974844043,0.7334869134701133,0.2973156206800149
10,-15.43632063009997,0.4535698800760388,-6.425559046245449
10,-0.6431422693040363,0.008673936635443366,-0.44814719804715125
10,5.879506741652814,4.021478481350943,-1.216728396216642
10,8.120716268384545,3.752450206165639,-0.7486676394774582
10,14.749270213150712,7.383988187017522,-1.1394886080113955
10,16.18926508453466,6.195845443134355,0.14766683063562758
10,2.026713089163872,2.8771001112829118,-2.329628004542927
10,22.207430871675275,6.699790928864524,2.9925729536200367
10,3.056823136731901,1.8626141508728782,-1.045698592664625
10,6.826755075308553,2.8743816798718513,-0.5657569789064608
10,-0.025263765994603782,2.140487457684209,-1.6380638077132406
10,10.719602082333186,4.279254025149177,-0.38877654298247694
10,28.037373747296918,12.006706652016694,-0.430057344465543
10,2.667306847704968,1.5266082433334496,-0.3217776440061591
10,1.5581456559029596,0.6489780526512817,-0.39897173874611536
10,4.359746289717193,3.755287797504966,-2.0222691238178108
10,7.475356160544634,2.877967901585801,-0.26994387218138594
10,-1.2114115155883738,4.6196394366604965,-5.42116495193503
10,3.734006149247152,1.8355174714515576,-0.8357808856032004
10,5.49715000305619,1.9563657205901064,-0.11619641592521113
10,-3.3993452223961693,2.0838316246693664,-3.2774463595799226
10,2.033193415801485,1.9178746393415944,-1.181574626315056
10,2.6711441006559014,2.352038021777752,-1.2610862233896596
10,-7.928066657593021,1.0565911052299557,-3.8005894256403003
10,1.9931461931605634,1.6483123081121944,-1.0993206887417901
10,1.6706479287272635,0.8007438665738963,0.24247862444723642
10,-0.760562559103466,2.212181099420822,-2.630032712423561
10,16.37541483373695,10.475493672643434,-3.3955262299167868
10,-1.9248939302624684,0.336281934134003,-0.9783244767536899
10,-2.0876986499327455,0.47392941861577925,-0.8395055100618426
10,6.722260064199351,3.0352587582647397,-0.891550430659317
10,1.8967144206645763,1.8000088498966802,-1.2941760722795503
10,-7.280268833296605,0.12360470192271501,-2.278652117411496
10,9.979815655503263,2.476561537401609,1.8491825620525113
10,6.749965834248499,5.485421545769105,-2.562570521082051
10,-1.293500951748829,2.5126910603332133,-2.6464834722024335
10,-4.2513195285220196,2.0755129069676275,-4.01238035168413
10,21.593244855079995,9.309820176308206,-0.8359976687225587
10,-1.4995152019231872,1.024831138893003,-1.9131390488281297
10,7.637157983592983,2.6553346618355413,0.05305625252222249
10,0.9872080430737209,2.010331974775926,-0.9357776017314267
10,3.6802239448141423,3.2746102020153107,-1.2965838936745087
10,21.32860252451671,12.11282280110729,-2.6536060864399666
10,7.007151582285575,3.072106091596035,-0.829488794685846
10,8.362734960299928,4.317801642359584,-1.0778261770247697
10,-3.2311264748184323,1.6243654727463361,-3.3784772048495846
10,-1.1919387515525615,1.3776240137634097,-2.0853791860834705
10,6.735653891434096,5.437233894622082,-2.748637253438832
10,2.5254132519554897,0.7463765470127275,-0.2712903449689779
10,5.5381497146778935,2.6702368921836466,-0.462364191429376
10,5.587492122217202,2.5879523571062832,-0.1656066954818344
10,7.7608968042760145,2.7881527804759636,0.4601554655643117
10,0.14561403049171018,3.113997410020365,-3.5319181789070306
10,5.288435546552782,1.897495195392013,0.5958019646685203
